Date;Price;Price_number;Open;High;Low;Vol.;Change %
04/01/2021;6,835;6835;6,8;6,855;6,72;47.94M;0.96%
05/01/2021;7,09;7090;6,86;7,09;6,85;104.83M;3.73%
06/01/2021;6,945;6945;7,05;7,075;6,88;89.75M;-2.05%
07/01/2021;6,965;6965;7;7,05;6,91;71.36M;0.29%
08/01/2021;7,05;7050;7,035;7,08;6,975;75.03M;1.22%
11/01/2021;7,345;7345;7,15;7,36;7,145;169.03M;4.18%
12/01/2021;7,16;7160;7,345;7,38;7,16;95.24M;-2.52%
13/01/2021;7,12;7120;7,245;7,275;7,07;76.58M;-0.56%
14/01/2021;7,02;7020;7,05;7,09;6,995;89.32M;-1.40%
15/01/2021;6,955;6955;7,095;7,1;6,84;89.85M;-0.93%
18/01/2021;7,12;7120;6,955;7,125;6,845;86.34M;2.37%
19/01/2021;7,095;7095;7,12;7,12;7,005;73.78M;-0.35%
20/01/2021;7,095;7095;7,165;7,295;7,07;107.22M;0.00%
21/01/2021;7,075;7075;7,28;7,3;7,06;66.43M;-0.28%
22/01/2021;7,08;7080;7,075;7,16;7,075;80.83M;0.07%
25/01/2021;7,035;7035;7,2;7,2;7;76.84M;-0.64%
26/01/2021;6,82;6820;6,955;7;6,82;98.66M;-3.06%
27/01/2021;6,79;6790;6,82;6,93;6,705;97.92M;-0.44%
28/01/2021;6,9;6900;6,79;6,925;6,79;104.63M;1.62%
29/01/2021;6,76;6760;6,9;7;6,76;132.76M;-2.03%
01/02/2021;6,82;6820;6,76;6,92;6,595;113.13M;0.89%
02/02/2021;6,8;6800;6,965;6,98;6,8;86.74M;-0.29%
03/02/2021;6,825;6825;7;7;6,825;67.29M;0.37%
04/02/2021;6,855;6855;6,92;7;6,835;80.95M;0.44%
05/02/2021;6,915;6915;6,87;6,95;6,855;51.60M;0.88%
08/02/2021;6,92;6920;7,05;7,055;6,88;45.60M;0.07%
09/02/2021;6,98;6980;7;7,03;6,955;75.57M;0.87%
10/02/2021;6,92;6920;7,05;7,05;6,9;44.98M;-0.86%
11/02/2021;6,88;6880;6,985;6,985;6,84;36.93M;-0.58%
15/02/2021;6,8;6800;6,83;6,89;6,72;83.92M;-1.16%
16/02/2021;6,94;6940;6,88;6,945;6,83;47.22M;2.06%
17/02/2021;6,9;6900;6,89;6,96;6,85;66.01M;-0.58%
18/02/2021;6,735;6735;6,85;6,9;6,735;91.20M;-2.39%
19/02/2021;6,825;6825;6,78;6,85;6,76;70.49M;1.34%
22/02/2021;6,79;6790;6,9;6,94;6,79;68.91M;-0.51%
23/02/2021;6,825;6825;6,82;6,845;6,775;58.36M;0.52%
24/02/2021;6,725;6725;6,825;6,835;6,725;71.87M;-1.47%
25/02/2021;6,705;6705;6,74;6,77;6,68;78.69M;-0.30%
26/02/2021;6,71;6710;6,705;6,81;6,645;173.63M;0.07%
01/03/2021;7,045;7045;6,83;7,045;6,8;205.54M;4.99%
02/03/2021;7,015;7015;7,12;7,16;7;81.45M;-0.43%
03/03/2021;7;7000;7,065;7,085;7;84.47M;-0.21%
04/03/2021;6,72;6720;6,905;7;6,72;120.80M;-4.00%
05/03/2021;6,8;6800;6,72;6,925;6,72;111.87M;1.19%
08/03/2021;6,72;6720;6,95;6,95;6,72;90.88M;-1.18%
09/03/2021;6,605;6605;6,7;6,715;6,6;135.58M;-1.71%
10/03/2021;6,705;6705;6,72;6,72;6,62;50.30M;1.51%
12/03/2021;6,765;6765;6,875;6,88;6,715;74.33M;0.89%
15/03/2021;6,665;6665;6,815;6,82;6,665;57.42M;-1.48%
16/03/2021;6,625;6625;6,71;6,71;6,62;70.76M;-0.60%
17/03/2021;6,61;6610;6,65;6,665;6,605;71.47M;-0.23%
18/03/2021;6,705;6705;6,62;6,72;6,61;70.07M;1.44%
19/03/2021;6,76;6760;6,77;6,77;6,625;125.85M;0.82%
22/03/2021;6,62;6620;6,64;6,68;6,61;67.52M;-2.07%
23/03/2021;6,565;6565;6,72;6,72;6,555;127.76M;-0.83%
24/03/2021;6,44;6440;6,515;6,55;6,42;152.05M;-1.90%
25/03/2021;6,37;6370;6,4;6,44;6,33;119.10M;-1.09%
26/03/2021;6,415;6415;6,37;6,445;6,3;134.47M;0.71%
29/03/2021;6,36;6360;6,41;6,515;6,36;113.37M;-0.86%
30/03/2021;6,395;6395;6,37;6,455;6,37;83.12M;0.55%
31/03/2021;6,215;6215;6,39;6,395;6,145;223.39M;-2.81%
01/04/2021;6,225;6225;6,215;6,27;6,155;112.29M;0.16%
05/04/2021;6,155;6155;6,25;6,29;6,155;73.31M;-1.12%
06/04/2021;6,165;6165;6,135;6,17;6,08;80.22M;0.16%
07/04/2021;6,25;6250;6,155;6,275;6,135;107.91M;1.38%
08/04/2021;6,135;6135;6,2;6,215;6,125;123.70M;-1.84%
09/04/2021;6,2;6200;6,315;6,32;6,145;116.96M;1.06%
12/04/2021;6,065;6065;6,295;6,295;6,06;110.41M;-2.18%
13/04/2021;6;6000;6,05;6,06;5,98;119.21M;-1.07%
14/04/2021;6,305;6305;6,105;6,305;6,06;135.52M;5.08%
15/04/2021;6,28;6280;6,305;6,31;6,18;102.69M;-0.40%
16/04/2021;6,275;6275;6,37;6,37;6,215;79.29M;-0.08%
19/04/2021;6,27;6270;6,275;6,28;6,23;47.10M;-0.08%
20/04/2021;6,235;6235;6,2;6,25;6,185;72.72M;-0.56%
21/04/2021;6,165;6165;6,2;6,225;6,165;68.40M;-1.12%
22/04/2021;6,215;6215;6,2;6,275;6,18;63.76M;0.81%
23/04/2021;6,39;6390;6,28;6,395;6,225;108.50M;2.82%
26/04/2021;6,285;6285;6,395;6,4;6,28;108.74M;-1.64%
27/04/2021;6,405;6405;6,37;6,435;6,355;132.65M;1.91%
28/04/2021;6,32;6320;6,4;6,405;6,315;87.66M;-1.33%
29/04/2021;6,41;6410;6,46;6,46;6,36;57.36M;1.42%
30/04/2021;6,405;6405;6,45;6,45;6,38;65.83M;-0.08%
03/05/2021;6,39;6390;6,48;6,48;6,345;42.07M;-0.23%
04/05/2021;6,4;6400;6,35;6,43;6,34;50.12M;0.16%
05/05/2021;6,425;6425;6,42;6,43;6,4;51.69M;0.39%
06/05/2021;6,425;6425;6,4;6,45;6,4;38.12M;0.00%
07/05/2021;6,4;6400;6,46;6,46;6,385;48.86M;-0.39%
10/05/2021;6,42;6420;6,4;6,42;6,395;68.18M;0.31%
11/05/2021;6,48;6480;6,4;6,48;6,305;70.68M;0.93%
17/05/2021;6,5;6500;6,5;6,5;6,375;129.06M;0.31%
18/05/2021;6,39;6390;6,4;6,455;6,365;73.56M;-1.69%
19/05/2021;6,345;6345;6,38;6,4;6,335;64.91M;-0.70%
20/05/2021;6,38;6380;6,39;6,435;6,35;64.95M;0.55%
21/05/2021;6,36;6360;6,45;6,45;6,26;92.62M;-0.31%
24/05/2021;6,325;6325;6,355;6,38;6,29;59.21M;-0.55%
25/05/2021;6,355;6355;6,3;6,44;6,3;87.47M;0.47%
27/05/2021;6,27;6270;6,44;6,48;6,27;537.97M;-1.34%
28/05/2021;6,34;6340;6,33;6,37;6,33;102.11M;1.12%
31/05/2021;6,375;6375;6,36;6,39;6,325;101.44M;0.55%
02/06/2021;6,465;6465;6,5;6,515;6,42;141.73M;1.41%
03/06/2021;6,6;6600;6,495;6,6;6,43;133.81M;2.09%
04/06/2021;6,58;6580;6,62;6,62;6,5;62.11M;-0.30%
07/06/2021;6,53;6530;6,56;6,57;6,43;62.58M;-0.76%
08/06/2021;6,43;6430;6,575;6,575;6,43;64.35M;-1.53%
09/06/2021;6,53;6530;6,36;6,535;6,36;77.20M;1.56%
10/06/2021;6,62;6620;6,555;6,62;6,49;73.26M;1.38%
11/06/2021;6,47;6470;6,57;6,58;6,46;72.78M;-2.27%
14/06/2021;6,41;6410;6,52;6,52;6,4;61.48M;-0.93%
15/06/2021;6,47;6470;6,445;6,47;6,405;87.80M;0.94%
16/06/2021;6,385;6385;6,42;6,435;6,36;48.98M;-1.31%
17/06/2021;6,33;6330;6,39;6,39;6,275;68.45M;-0.86%
18/06/2021;6,325;6325;6,3;6,345;6,28;118.04M;-0.08%
21/06/2021;6,25;6250;6,3;6,3;6,21;60.82M;-1.19%
22/06/2021;6,34;6340;6,25;6,39;6,24;65.82M;1.44%
23/06/2021;6,23;6230;6,295;6,34;6,23;52.45M;-1.74%
24/06/2021;6,21;6210;6,31;6,31;6,2;56.01M;-0.32%
25/06/2021;6,19;6190;6,23;6,26;6,19;68.94M;-0.32%
28/06/2021;6,055;6055;6,1;6,15;6,055;84.42M;-2.18%
29/06/2021;6,045;6045;6,05;6,09;6,04;53.70M;-0.17%
30/06/2021;6,025;6025;6;6,07;6;65.80M;-0.33%
01/07/2021;6,025;6025;6,06;6,075;6;58.15M;0.00%
02/07/2021;6,1;6100;6,07;6,14;6,04;67.39M;1.24%
05/07/2021;6,11;6110;6,1;6,13;6,07;39.71M;0.16%
06/07/2021;6,055;6055;6,11;6,11;6,055;34.28M;-0.90%
07/07/2021;6,065;6065;6,18;6,18;6,03;35.60M;0.17%
08/07/2021;6,015;6015;6;6,04;5,98;47.30M;-0.82%
09/07/2021;6,02;6020;6,01;6,02;5,99;40.71M;0.08%
12/07/2021;6,17;6170;6,07;6,18;6,02;65.98M;2.49%
13/07/2021;6,045;6045;6,17;6,175;6,015;65.95M;-2.03%
14/07/2021;5,99;5990;6,02;6,03;5,98;59.32M;-0.91%
15/07/2021;6,115;6115;6;6,115;5,995;49.72M;2.09%
16/07/2021;6,11;6110;6,17;6,17;6,055;48.00M;-0.08%
19/07/2021;6,005;6005;6,11;6,11;6,005;47.12M;-1.72%
21/07/2021;6,01;6010;6,05;6,12;6,01;55.01M;0.08%
22/07/2021;6,155;6155;6,115;6,155;6,05;60.79M;2.41%
23/07/2021;6,035;6035;6,18;6,19;6,025;79.94M;-1.95%
26/07/2021;6,005;6005;6,04;6,06;6,005;48.17M;-0.50%
27/07/2021;6,005;6005;6,005;6,06;6;53.11M;0.00%
28/07/2021;5,98;5980;6,005;6,01;5,97;74.13M;-0.42%
29/07/2021;6,04;6040;6,055;6,085;5,98;84.61M;1.00%
30/07/2021;5,97;5970;6,04;6,1;5,96;105.69M;-1.16%
02/08/2021;5,96;5960;6,06;6,065;5,905;119.98M;-0.17%
03/08/2021;6,145;6145;6,025;6,18;5,985;110.07M;3.10%
04/08/2021;6,12;6120;6,145;6,15;6,06;41.11M;-0.41%
05/08/2021;6,3;6300;6,17;6,31;6,14;93.77M;2.94%
06/08/2021;6,16;6160;6,36;6,36;6,135;67.29M;-2.22%
09/08/2021;6,2;6200;6,135;6,2;6,105;52.86M;0.65%
10/08/2021;6,3;6300;6,25;6,3;6,115;60.45M;1.61%
12/08/2021;6,3;6300;6,12;6,32;6,12;118.33M;0.00%
13/08/2021;6,41;6410;6,35;6,435;6,325;86.93M;1.75%
16/08/2021;6,42;6420;6,42;6,42;6,305;69.28M;0.16%
18/08/2021;6,6;6600;6,52;6,76;6,46;186.35M;2.80%
19/08/2021;6,6;6600;6,6;6,6;6,53;100.93M;0.00%
20/08/2021;6,6;6600;6,6;6,6;6,51;120.16M;0.00%
23/08/2021;6,59;6590;6,515;6,59;6,515;68.25M;-0.15%
24/08/2021;6,6;6600;6,57;6,6;6,5;59.56M;0.15%
25/08/2021;6,6;6600;6,6;6,605;6,585;80.75M;0.00%
26/08/2021;6,56;6560;6,56;6,58;6,47;74.34M;-0.61%
27/08/2021;6,51;6510;6,49;6,53;6,49;71.57M;-0.76%
30/08/2021;6,565;6565;6,53;6,58;6,52;74.56M;0.84%
31/08/2021;6,55;6550;6,52;6,57;6,515;115.37M;-0.23%
01/09/2021;6,565;6565;6,55;6,6;6,535;67.36M;0.23%
02/09/2021;6,54;6540;6,525;6,575;6,455;53.26M;-0.38%
03/09/2021;6,6;6600;6,56;6,6;6,515;35.76M;0.92%
06/09/2021;6,575;6575;6,6;6,605;6,55;36.78M;-0.38%
07/09/2021;6,57;6570;6,595;6,605;6,57;53.90M;-0.08%
08/09/2021;6,44;6440;6,55;6,595;6,42;77.89M;-1.98%
09/09/2021;6,57;6570;6,41;6,57;6,41;110.07M;2.02%
10/09/2021;6,52;6520;6,495;6,565;6,495;41.48M;-0.76%
13/09/2021;6,555;6555;6,56;6,56;6,525;29.93M;0.54%
14/09/2021;6,545;6545;6,59;6,595;6,495;51.99M;-0.15%
15/09/2021;6,495;6495;6,545;6,55;6,485;44.51M;-0.76%
16/09/2021;6,5;6500;6,58;6,58;6,48;58.67M;0.08%
17/09/2021;6,52;6520;6,49;6,535;6,48;117.54M;0.31%
20/09/2021;6,585;6585;6,57;6,59;6,51;73.16M;1.00%
21/09/2021;6,49;6490;6,51;6,535;6,47;57.12M;-1.44%
22/09/2021;6,555;6555;6,5;6,58;6,5;68.72M;1.00%
23/09/2021;6,58;6580;6,555;6,59;6,545;61.00M;0.38%
24/09/2021;6,585;6585;6,5;6,585;6,5;60.54M;0.08%
27/09/2021;6,58;6580;6,585;6,595;6,555;55.05M;-0.08%
28/09/2021;6,52;6520;6,54;6,56;6,5;80.19M;-0.91%
29/09/2021;6,58;6580;6,52;6,58;6,515;74.08M;0.92%
30/09/2021;7;7000;6,6;7;6,595;156.85M;6.38%
01/10/2021;6,76;6760;6,9;6,9;6,71;103.95M;-3.43%
04/10/2021;6,96;6960;6,74;6,96;6,74;74.72M;2.96%
05/10/2021;6,945;6945;6,91;6,945;6,86;54.99M;-0.22%
06/10/2021;7,18;7180;6,98;7,18;6,97;174.31M;3.38%
07/10/2021;7,16;7160;7,175;7,175;7,08;107.26M;-0.28%
08/10/2021;7,29;7290;7,2;7,3;7,175;94.64M;1.82%
11/10/2021;7,255;7255;7,24;7,29;7,23;47.20M;-0.48%
12/10/2021;7,32;7320;7,255;7,32;7,245;91.07M;0.90%
13/10/2021;7,525;7525;7,4;8,25;7,4;210.89M;2.80%
14/10/2021;7,75;7750;7,6;7,9;7,6;138.81M;2.99%
15/10/2021;7,65;7650;7,8;7,875;7,45;142.38M;-1.29%
18/10/2021;7,525;7525;7,65;7,675;7,475;116.64M;-1.63%
19/10/2021;7,5;7500;7,475;7,525;7,35;134.60M;-0.33%
21/10/2021;7,4;7400;7,5;7,55;7,35;106.12M;-1.33%
22/10/2021;7,525;7525;7,45;7,55;7,425;96.73M;1.69%
25/10/2021;7,525;7525;7,4;7,525;7,4;60.33M;0.00%
26/10/2021;7,525;7525;7,6;7,6;7,5;70.10M;0.00%
27/10/2021;7,45;7450;7,575;7,575;7,425;57.07M;-1.00%
28/10/2021;7,375;7375;7,35;7,425;7,35;75.27M;-1.01%
29/10/2021;7,475;7475;7,45;7,475;7,375;60.64M;1.36%
01/11/2021;7,4;7400;7,55;7,55;7,4;38.59M;-1.00%
02/11/2021;7,3;7300;7,375;7,425;7,25;90.54M;-1.35%
03/11/2021;7,35;7350;7,3;7,4;7,25;61.62M;0.68%
04/11/2021;7,375;7375;7,425;7,475;7,375;61.08M;0.34%
05/11/2021;7,45;7450;7,475;7,475;7,375;43.12M;1.02%
08/11/2021;7,575;7575;7,5;7,6;7,45;85.44M;1.68%
09/11/2021;7,675;7675;7,6;7,675;7,575;101.79M;1.32%
10/11/2021;7,65;7650;7,675;7,675;7,575;47.50M;-0.33%
11/11/2021;7,675;7675;7,7;7,75;7,6;55.79M;0.33%
12/11/2021;7,525;7525;7,75;7,75;7,525;52.59M;-1.95%
15/11/2021;7,5;7500;7,625;7,625;7,5;67.34M;-0.33%
16/11/2021;7,475;7475;7,4;7,475;7,325;98.62M;-0.33%
17/11/2021;7,575;7575;7,5;7,575;7,425;61.97M;1.34%
18/11/2021;7,4;7400;7,425;7,5;7,4;78.84M;-2.31%
19/11/2021;7,425;7425;7,425;7,45;7,375;68.20M;0.34%
22/11/2021;7,475;7475;7,425;7,525;7,4;66.33M;0.67%
23/11/2021;7,475;7475;7,4;7,5;7,4;43.48M;0.00%
24/11/2021;7,475;7475;7,575;7,575;7,425;35.18M;0.00%
25/11/2021;7,425;7425;7,45;7,525;7,425;40.22M;-0.67%
26/11/2021;7,275;7275;7,4;7,45;7,25;113.29M;-2.02%
29/11/2021;7,4;7400;7,275;7,425;7,175;87.91M;1.72%
30/11/2021;7,275;7275;7,325;7,425;7,275;144.92M;-1.69%
01/12/2021;7,3;7300;7,275;7,45;7,275;76.54M;0.34%
02/12/2021;7,5;7500;7,375;7,5;7,3;66.83M;2.74%
03/12/2021;7,375;7375;7,525;7,525;7,35;63.28M;-1.67%
06/12/2021;7,35;7350;7,45;7,475;7,35;56.94M;-0.34%
07/12/2021;7,35;7350;7,45;7,475;7,35;51.26M;0.00%
08/12/2021;7,425;7425;7,45;7,475;7,4;74.78M;1.02%
09/12/2021;7,35;7350;7,4;7,45;7,35;54.89M;-1.01%
10/12/2021;7,375;7375;7,325;7,375;7,275;91.09M;0.34%
13/12/2021;7,3;7300;7,375;7,4;7,3;59.98M;-1.02%
14/12/2021;7,3;7300;7,3;7,375;7,275;49.76M;0.00%
15/12/2021;7,3;7300;7,3;7,375;7,275;52.48M;0.00%
16/12/2021;7,275;7275;7,375;7,4;7,275;95.17M;-0.34%
17/12/2021;7,5;7500;7,325;7,5;7,3;107.10M;3.09%
20/12/2021;7,375;7375;7,35;7,4;7,325;74.75M;-1.67%
21/12/2021;7,375;7375;7,325;7,4;7,325;52.39M;0.00%
22/12/2021;7,325;7325;7,425;7,425;7,325;33.23M;-0.68%
23/12/2021;7,3;7300;7,325;7,35;7,3;37.14M;-0.34%
24/12/2021;7,3;7300;7,3;7,35;7,3;30.80M;0.00%
27/12/2021;7,35;7350;7,3;7,35;7,3;20.72M;0.68%
28/12/2021;7,35;7350;7,375;7,4;7,325;39.34M;0.00%
29/12/2021;7,3;7300;7,35;7,375;7,3;42.08M;-0.68%
30/12/2021;7,3;7300;7,35;7,35;7,3;49.95M;0.00%
03/01/2022;7,325;7325;7,325;7,4;7,3;54.29M;0.34%
04/01/2022;7,4;7400;7,325;7,45;7,325;70.62M;1.02%
05/01/2022;7,45;7450;7,45;7,525;7,375;76.16M;0.68%
06/01/2022;7,475;7475;7,5;7,525;7,425;63.66M;0.34%
07/01/2022;7,65;7650;7,55;7,7;7,5;143.43M;2.34%
10/01/2022;7,6;7600;7,575;7,65;7,55;45.35M;-0.65%
11/01/2022;7,7;7700;7,65;7,7;7,625;110.33M;1.32%
12/01/2022;7,7;7700;7,7;7,7;7,65;62.61M;0.00%
13/01/2022;7,7;7700;7,7;7,75;7,65;50.03M;0.00%
14/01/2022;7,85;7850;7,7;7,85;7,65;65.90M;1.95%
17/01/2022;7,75;7750;7,9;7,9;7,7;63.90M;-1.27%
18/01/2022;7,675;7675;7,775;7,775;7,55;71.48M;-0.97%
19/01/2022;7,675;7675;7,65;7,725;7,575;60.39M;0.00%
20/01/2022;7,775;7775;7,725;7,775;7,625;59.93M;1.30%
21/01/2022;7,95;7950;7,775;7,95;7,7;63.37M;2.25%
24/01/2022;7,8;7800;7,825;7,85;7,775;40.28M;-1.89%
25/01/2022;7,775;7775;7,675;7,775;7,625;106.80M;-0.32%
26/01/2022;7,7;7700;7,7;7,75;7,65;53.35M;-0.96%
27/01/2022;7,8;7800;7,625;7,8;7,625;71.95M;1.30%
28/01/2022;7,775;7775;7,8;7,825;7,7;70.60M;-0.32%
31/01/2022;7,625;7625;7,775;7,775;7,625;68.12M;-1.93%
02/02/2022;7,8;7800;7,775;7,8;7,675;65.31M;2.30%
03/02/2022;7,725;7725;7,8;7,825;7,7;35.10M;-0.96%
04/02/2022;7,725;7725;7,75;7,8;7,7;39.32M;0.00%
07/02/2022;7,8;7800;7,775;7,8;7,7;56.81M;0.97%
08/02/2022;7,725;7725;7,75;7,85;7,725;61.88M;-0.96%
09/02/2022;7,95;7950;7,85;7,95;7,8;108.92M;2.91%
10/02/2022;7,75;7750;7,95;7,95;7,75;93.28M;-2.52%
11/02/2022;7,825;7825;7,675;7,825;7,65;71.97M;0.97%
14/02/2022;7,7;7700;7,75;7,775;7,7;57.71M;-1.60%
15/02/2022;7,875;7875;7,75;7,875;7,725;55.62M;2.27%
16/02/2022;7,975;7975;7,85;7,975;7,825;77.06M;1.27%
17/02/2022;7,9;7900;7,85;7,925;7,8;48.70M;-0.94%
18/02/2022;7,925;7925;7,95;7,95;7,85;56.81M;0.32%
21/02/2022;7,95;7950;7,925;7,975;7,9;43.82M;0.32%
22/02/2022;7,9;7900;7,9;7,95;7,85;80.10M;-0.63%
23/02/2022;8,05;8050;7,9;8,1;7,875;99.24M;1.90%
24/02/2022;8;8000;8,125;8,15;7,925;124.95M;-0.62%
25/02/2022;8,05;8050;7,95;8,175;7,925;135.90M;0.63%
01/03/2022;8,05;8050;8;8,175;8;136.62M;0.00%
02/03/2022;7,975;7975;8,225;8,225;7,975;100.30M;-0.93%
04/03/2022;7,9;7900;7,975;8,025;7,9;132.98M;-0.94%
07/03/2022;7,7;7700;7,8;7,85;7,7;130.99M;-2.53%
08/03/2022;7,65;7650;7,7;7,85;7,65;119.26M;-0.65%
09/03/2022;7,85;7850;7,7;7,95;7,65;132.81M;2.61%
10/03/2022;7,925;7925;7,925;7,975;7,8;86.48M;0.96%
11/03/2022;7,95;7950;7,725;7,95;7,725;61.05M;0.32%
14/03/2022;8,075;8075;8,05;8,1;7,95;78.43M;1.57%
15/03/2022;8,15;8150;8,15;8,2;8,075;111.21M;0.93%
16/03/2022;8,2;8200;8,275;8,275;8,075;149.76M;0.61%
17/03/2022;8;8000;8,3;8,3;8;132.44M;-2.44%
18/03/2022;7,9;7900;8;8,1;7,9;143.98M;-1.25%
21/03/2022;7,9;7900;7,8;7,95;7,8;85.49M;0.00%
22/03/2022;7,925;7925;7,9;7,95;7,875;60.01M;0.32%
23/03/2022;7,9;7900;7,925;7,95;7,825;82.21M;-0.32%
24/03/2022;7,925;7925;7,85;7,95;7,8;95.25M;0.32%
25/03/2022;7,95;7950;7,9;7,95;7,9;85.10M;0.32%
28/03/2022;7,9;7900;7,825;7,9;7,8;83.91M;-0.63%
29/03/2022;7,85;7850;7,875;7,9;7,825;62.18M;-0.63%
30/03/2022;7,875;7875;7,9;7,9;7,825;71.43M;0.32%
31/03/2022;7,975;7975;7,925;8;7,875;112.69M;1.27%
01/04/2022;7,925;7925;8,075;8,075;7,85;105.58M;-0.63%
04/04/2022;7,9;7900;7,925;7,925;7,825;57.32M;-0.32%
05/04/2022;7,9;7900;7,9;7,9;7,85;48.53M;0.00%
06/04/2022;7,75;7750;7,825;7,85;7,75;119.26M;-1.90%
07/04/2022;7,75;7750;7,725;7,825;7,7;68.62M;0.00%
08/04/2022;7,85;7850;7,8;7,875;7,775;69.79M;1.29%
11/04/2022;7,725;7725;7,825;7,875;7,725;62.78M;-1.59%
12/04/2022;7,8;7800;7,725;7,8;7,7;73.47M;0.97%
13/04/2022;7,8;7800;7,8;7,85;7,75;57.62M;0.00%
14/04/2022;7,7;7700;7,8;7,8;7,7;93.34M;-1.28%
18/04/2022;7,7;7700;7,7;7,725;7,625;68.46M;0.00%
19/04/2022;7,625;7625;7,7;7,7;7,625;98.63M;-0.97%
20/04/2022;7,65;7650;7,725;7,725;7,625;124.39M;0.33%
21/04/2022;7,925;7925;7,8;7,925;7,75;129.32M;3.59%
22/04/2022;7,875;7875;7,85;7,925;7,8;85.96M;-0.63%
25/04/2022;8;8000;7,875;8;7,825;91.28M;1.59%
26/04/2022;8,125;8125;7,925;8,125;7,925;128.36M;1.56%
27/04/2022;8,2;8200;8,075;8,2;8,075;89.46M;0.92%
28/04/2022;8,125;8125;8,25;8,25;8,075;133.73M;-0.91%
09/05/2022;7,6;7600;7,875;7,9;7,6;456.80M;-6.46%
10/05/2022;7,525;7525;7,25;7,6;7,25;268.45M;-0.99%
11/05/2022;7,65;7650;7,525;7,7;7,45;156.54M;1.66%
12/05/2022;7,275;7275;7,525;7,55;7,275;240.53M;-4.90%
13/05/2022;7,325;7325;7,25;7,475;7,25;212.97M;0.69%
17/05/2022;7,4;7400;7,275;7,475;7,275;159.66M;1.02%
18/05/2022;7,575;7575;7,5;7,575;7,375;153.51M;2.36%
19/05/2022;7,45;7450;7,4;7,475;7,375;140.91M;-1.65%
20/05/2022;7,4;7400;7,425;7,475;7,4;86.52M;-0.67%
23/05/2022;7,375;7375;7,45;7,475;7,35;71.60M;-0.34%
24/05/2022;7,35;7350;7,325;7,475;7,325;108.71M;-0.34%
25/05/2022;7,375;7375;7,4;7,45;7,35;76.75M;0.34%
27/05/2022;7,575;7575;7,525;7,575;7,475;84.34M;2.71%
30/05/2022;7,575;7575;7,575;7,6;7,475;105.41M;0.00%
31/05/2022;7,75;7750;7,6;7,75;7,525;286.29M;2.31%
02/06/2022;7,575;7575;7,625;7,675;7,525;149.23M;-2.26%
03/06/2022;7,6;7600;7,6;7,675;7,575;80.56M;0.33%
06/06/2022;7,45;7450;7,55;7,575;7,425;81.14M;-1.97%
07/06/2022;7,375;7375;7,3;7,475;7,3;129.24M;-1.01%
08/06/2022;7,6;7600;7,5;7,6;7,425;108.91M;3.05%
09/06/2022;7,5;7500;7,5;7,575;7,5;107.83M;-1.32%
10/06/2022;7,35;7350;7,4;7,45;7,35;111.77M;-2.00%
13/06/2022;7,35;7350;7,3;7,4;7,275;85.54M;0.00%
14/06/2022;7,4;7400;7,3;7,4;7,25;80.87M;0.68%
15/06/2022;7,325;7325;7,3;7,375;7,3;130.37M;-1.01%
16/06/2022;7,575;7575;7,4;7,6;7,375;132.67M;3.41%
17/06/2022;7,5;7500;7,425;7,55;7,425;117.84M;-0.99%
20/06/2022;7,625;7625;7,6;7,65;7,5;88.14M;1.67%
21/06/2022;7,65;7650;7,6;7,65;7,55;44.30M;0.33%
22/06/2022;7,5;7500;7,625;7,65;7,5;53.04M;-1.96%
23/06/2022;7,525;7525;7,45;7,575;7,45;60.44M;0.33%
24/06/2022;7,475;7475;7,6;7,6;7,475;57.96M;-0.66%
27/06/2022;7,35;7350;7,475;7,5;7,35;77.94M;-1.67%
28/06/2022;7,3;7300;7,3;7,4;7,3;119.22M;-0.68%
29/06/2022;7,275;7275;7,325;7,4;7,275;75.32M;-0.34%
30/06/2022;7,25;7250;7,3;7,4;7,25;101.34M;-0.34%
01/07/2022;7,25;7250;7,3;7,325;7,25;68.74M;0.00%
04/07/2022;7,05;7050;7,25;7,275;7;102.24M;-2.76%
05/07/2022;7,25;7250;7,1;7,325;7,1;69.17M;2.84%
06/07/2022;7,3;7300;7,3;7,325;7,175;66.80M;0.69%
07/07/2022;7,1;7100;7,225;7,25;7,1;86.13M;-2.74%
08/07/2022;7,15;7150;7,125;7,175;7,075;64.31M;0.70%
11/07/2022;7,125;7125;7,2;7,2;7,125;36.83M;-0.35%
12/07/2022;7,175;7175;7,175;7,25;7,15;34.27M;0.70%
13/07/2022;7;7000;7,1;7,125;7;71.99M;-2.44%
14/07/2022;7,025;7025;7,025;7,1;7;83.32M;0.36%
15/07/2022;7;7000;7,1;7,1;7;57.42M;-0.36%
18/07/2022;7,15;7150;7,025;7,15;7,025;60.08M;2.14%
19/07/2022;7,175;7175;7,1;7,175;7,1;59.64M;0.35%
20/07/2022;7,4;7400;7,2;7,4;7,175;105.79M;3.14%
21/07/2022;7,4;7400;7,4;7,4;7,25;64.34M;0.00%
22/07/2022;7,325;7325;7,4;7,4;7,3;38.96M;-1.01%
25/07/2022;7,3;7300;7,35;7,375;7,3;31.25M;-0.34%
26/07/2022;7,3;7300;7,25;7,375;7,25;44.38M;0.00%
27/07/2022;7,325;7325;7,325;7,35;7,275;58.47M;0.34%
28/07/2022;7,35;7350;7,375;7,45;7,325;86.91M;0.34%
29/07/2022;7,35;7350;7,4;7,475;7,35;131.55M;0.00%
01/08/2022;7,5;7500;7,35;7,5;7,35;104.84M;2.04%
02/08/2022;7,6;7600;7,6;7,625;7,5;106.47M;1.33%
03/08/2022;7,625;7625;7,625;7,625;7,575;65.10M;0.33%
04/08/2022;7,8;7800;7,675;7,8;7,65;144.10M;2.30%
05/08/2022;7,875;7875;7,825;7,875;7,725;118.73M;0.96%
08/08/2022;7,875;7875;7,875;7,925;7,75;84.33M;0.00%
09/08/2022;7,9;7900;7,875;7,975;7,875;92.88M;0.32%
10/08/2022;7,9;7900;7,8;7,9;7,725;104.38M;0.00%
11/08/2022;7,95;7950;7,85;7,95;7,825;73.20M;0.63%
12/08/2022;7,925;7925;7,925;7,975;7,85;61.08M;-0.31%
15/08/2022;7,95;7950;7,95;7,975;7,9;81.41M;0.32%
16/08/2022;7,975;7975;7,95;7,975;7,85;83.56M;0.31%
18/08/2022;8;8000;7,9;8,025;7,875;86.14M;0.31%
19/08/2022;7,9;7900;8,05;8,05;7,9;58.19M;-1.25%
22/08/2022;8;8000;7,85;8;7,825;97.29M;1.27%
23/08/2022;7,9;7900;8;8;7,9;71.67M;-1.25%
24/08/2022;7,95;7950;7,95;8,025;7,9;108.89M;0.63%
25/08/2022;8,075;8075;8;8,1;7,9;99.50M;1.57%
26/08/2022;8;8000;8,025;8,125;8;80.47M;-0.93%
29/08/2022;8,15;8150;8;8,15;7,95;72.12M;1.88%
30/08/2022;8,175;8175;8,1;8,275;8,075;109.60M;0.31%
31/08/2022;8,2;8200;8,075;8,225;8,05;137.66M;0.31%
01/09/2022;8,15;8150;8,15;8,25;8,125;76.12M;-0.61%
02/09/2022;8,225;8225;8,15;8,225;8,15;61.35M;0.92%
05/09/2022;8,275;8275;8,225;8,3;8,2;62.91M;0.61%
06/09/2022;8,275;8275;8,3;8,35;8,25;67.12M;0.00%
07/09/2022;8,375;8375;8,25;8,375;8,25;101.24M;1.21%
08/09/2022;8,35;8350;8,4;8,5;8,35;132.78M;-0.30%
09/09/2022;8,375;8375;8,5;8,5;8,275;91.23M;0.30%
12/09/2022;8,375;8375;8,325;8,425;8,325;52.40M;0.00%
13/09/2022;8,525;8525;8,375;8,575;8,375;124.49M;1.79%
14/09/2022;8,5;8500;8,375;8,65;8,375;116.64M;-0.29%
15/09/2022;8,75;8750;8,5;8,875;8,5;190.40M;2.94%
16/09/2022;8,45;8450;8,7;8,725;8,45;363.13M;-3.43%
19/09/2022;8,65;8650;8,475;8,75;8,45;102.53M;2.37%
20/09/2022;8,55;8550;8,55;8,65;8,55;89.24M;-1.16%
21/09/2022;8,475;8475;8,525;8,6;8,425;90.93M;-0.88%
22/09/2022;8,475;8475;8,375;8,525;8,375;61.91M;0.00%
23/09/2022;8,375;8375;8,375;8,475;8,375;60.57M;-1.18%
26/09/2022;8,425;8425;8,2;8,5;8,2;106.23M;0.60%
27/09/2022;8,3;8300;8,375;8,45;8,3;89.57M;-1.48%
28/09/2022;8,325;8325;8,25;8,425;8,25;89.15M;0.30%
29/09/2022;8,375;8375;8,325;8,45;8,325;62.64M;0.60%
30/09/2022;8,55;8550;8,375;8,575;8,275;176.52M;2.09%
03/10/2022;8,5;8500;8,45;8,525;8,45;115.08M;-0.58%
04/10/2022;8,55;8550;8,525;8,625;8,525;80.52M;0.59%
05/10/2022;8,45;8450;8,525;8,55;8,425;63.79M;-1.17%
06/10/2022;8,425;8425;8,475;8,5;8,425;43.97M;-0.30%
07/10/2022;8,2;8200;8,325;8,375;8,2;112.04M;-2.67%
10/10/2022;8,3;8300;8,15;8,375;8,125;80.24M;1.22%
11/10/2022;8,25;8250;8,2;8,3;8,15;64.06M;-0.60%
12/10/2022;8,325;8325;8,2;8,325;8,175;47.57M;0.91%
13/10/2022;8,275;8275;8,275;8,375;8,275;62.28M;-0.60%
14/10/2022;8,25;8250;8,3;8,35;8,25;71.18M;-0.30%
17/10/2022;8,25;8250;8,25;8,3;8,175;56.39M;0.00%
18/10/2022;8,3;8300;8,275;8,475;8,25;85.67M;0.61%
19/10/2022;8,275;8275;8,25;8,35;8,225;66.75M;-0.30%
20/10/2022;8,5;8500;8,25;8,5;8,25;91.81M;2.72%
21/10/2022;8,65;8650;8,45;8,725;8,45;122.78M;1.76%
24/10/2022;8,9;8900;8,75;8,9;8,725;89.42M;2.89%
25/10/2022;8,7;8700;8,825;8,875;8,7;89.44M;-2.25%
26/10/2022;8,55;8550;8,625;8,65;8,55;87.21M;-1.72%
27/10/2022;8,7;8700;8,55;8,7;8,55;77.02M;1.75%
28/10/2022;8,75;8750;8,65;8,75;8,65;67.04M;0.57%
31/10/2022;8,8;8800;8,85;8,85;8,775;105.57M;0.57%
01/11/2022;8,8;8800;9;9;8,725;107.39M;0.00%
02/11/2022;8,75;8750;8,8;8,825;8,725;58.32M;-0.57%
03/11/2022;8,8;8800;8,7;8,825;8,7;72.14M;0.57%
04/11/2022;8,775;8775;8,775;8,8;8,675;69.15M;-0.28%
07/11/2022;8,85;8850;8,725;8,85;8,675;73.90M;0.85%
08/11/2022;8,75;8750;8,85;8,875;8,725;42.53M;-1.13%
09/11/2022;8,875;8875;8,675;8,875;8,675;68.17M;1.43%
10/11/2022;8,8;8800;8,725;8,8;8,725;74.78M;-0.85%
11/11/2022;8,85;8850;8,9;8,925;8,825;59.60M;0.57%
14/11/2022;8,75;8750;8,875;8,9;8,75;61.43M;-1.13%
15/11/2022;8,8;8800;8,775;8,85;8,75;47.67M;0.57%
16/11/2022;8,6;8600;8,625;8,675;8,55;143.59M;-2.27%
17/11/2022;8,725;8725;8,625;8,825;8,6;72.70M;1.45%
18/11/2022;8,825;8825;8,725;8,9;8,725;83.90M;1.15%
21/11/2022;8,725;8725;8,875;8,9;8,725;48.65M;-1.13%
22/11/2022;8,9;8900;8,9;8,95;8,85;84.68M;2.01%
23/11/2022;8,875;8875;8,9;8,975;8,875;85.52M;-0.28%
24/11/2022;9;9000;8,975;9;8,95;61.19M;1.41%
25/11/2022;8,975;8975;9;9;8,9;60.47M;-0.28%
28/11/2022;9,025;9025;9,05;9,1;8,975;77.65M;0.56%
29/11/2022;8,975;8975;8,975;9,075;8,925;81.74M;-0.55%
30/11/2022;9,3;9300;8,875;9,4;8,85;387.66M;3.62%
01/12/2022;9;9000;9,275;9,35;9;132.77M;-3.23%
02/12/2022;8,9;8900;8,9;8,975;8,9;137.81M;-1.11%
05/12/2022;8,775;8775;8,8;8,9;8,775;138.65M;-1.40%
06/12/2022;8,675;8675;8,725;8,75;8,575;180.91M;-1.14%
07/12/2022;8,45;8450;8,5;8,575;8,45;195.09M;-2.59%
08/12/2022;8,5;8500;8,375;8,575;8,35;149.61M;0.59%
09/12/2022;8,575;8575;8,5;8,6;8,45;75.50M;0.88%
12/12/2022;8,7;8700;8,525;8,7;8,475;84.28M;1.46%
13/12/2022;8,7;8700;8,625;8,7;8,55;83.50M;0.00%
14/12/2022;8,625;8625;8,6;8,7;8,525;118.24M;-0.86%
15/12/2022;8,5;8500;8,575;8,6;8,5;80.59M;-1.45%
16/12/2022;8,6;8600;8,425;8,65;8,4;124.94M;1.18%
19/12/2022;8,65;8650;8,65;8,7;8,6;54.73M;0.58%
20/12/2022;8,575;8575;8,55;8,65;8,55;41.30M;-0.87%
21/12/2022;8,675;8675;8,6;8,7;8,575;33.62M;1.17%
22/12/2022;8,575;8575;8,65;8,675;8,575;52.11M;-1.15%
23/12/2022;8,5;8500;8,525;8,575;8,5;47.39M;-0.87%
26/12/2022;8,575;8575;8,5;8,625;8,5;20.52M;0.88%
27/12/2022;8,6;8600;8,6;8,65;8,575;28.69M;0.29%
28/12/2022;8,65;8650;8,65;8,65;8,55;48.37M;0.58%
29/12/2022;8,575;8575;8,525;8,6;8,5;47.02M;-0.87%
30/12/2022;8,55;8550;8,575;8,65;8,55;44.68M;-0.29%
02/01/2023;8,55;8550;8,575;8,6;8,5;11.41M;0.00%
03/01/2023;8,55;8550;8,55;8,6;8,525;27.43M;0.00%
04/01/2023;8,35;8350;8,525;8,575;8,35;90.99M;-2.34%
05/01/2023;8,25;8250;8,35;8,375;8,15;128.84M;-1.20%
06/01/2023;8,3;8300;8,1;8,325;8,1;69.29M;0.61%
09/01/2023;8,45;8450;8,325;8,45;8,325;86.93M;1.81%
10/01/2023;8,175;8175;8,4;8,425;8,15;89.32M;-3.25%
11/01/2023;8,125;8125;8,05;8,15;8;119.32M;-0.61%
12/01/2023;8,175;8175;8,15;8,275;8,125;91.11M;0.62%
13/01/2023;8,05;8050;8,15;8,175;8,025;119.79M;-1.53%
16/01/2023;8,15;8150;8,05;8,2;8,05;94.59M;1.24%
17/01/2023;8,325;8325;8,175;8,375;8,15;88.70M;2.15%
18/01/2023;8,3;8300;8,2;8,325;8,175;96.87M;-0.30%
19/01/2023;8,325;8325;8,35;8,35;8,25;55.01M;0.30%
20/01/2023;8,3;8300;8,275;8,325;8,25;82.11M;-0.30%
24/01/2023;8,225;8225;8,3;8,35;8,225;38.53M;-0.90%
25/01/2023;8,2;8200;8,3;8,3;8,2;56.21M;-0.30%
26/01/2023;8,475;8475;8,225;8,475;8,225;78.79M;3.35%
27/01/2023;8,7;8700;8,7;8,85;8,55;183.31M;2.65%
30/01/2023;8,7;8700;8,725;8,775;8,575;95.67M;0.00%
31/01/2023;8,475;8475;8,625;8,675;8,475;147.16M;-2.59%
01/02/2023;8,5;8500;8,575;8,575;8,45;77.41M;0.29%
02/02/2023;8,45;8450;8,425;8,525;8,4;81.19M;-0.59%
03/02/2023;8,7;8700;8,55;8,7;8,5;71.72M;2.96%
06/02/2023;8,725;8725;8,75;8,75;8,65;118.11M;0.29%
07/02/2023;8,85;8850;8,775;8,85;8,75;116.01M;1.43%
08/02/2023;8,825;8825;8,825;8,85;8,8;54.50M;-0.28%
09/02/2023;8,9;8900;8,825;8,9;8,8;58.54M;0.85%
10/02/2023;8,825;8825;8,875;8,9;8,7;62.06M;-0.84%
13/02/2023;8,875;8875;8,875;8,9;8,775;51.18M;0.57%
14/02/2023;8,95;8950;8,85;8,95;8,825;58.46M;0.85%
15/02/2023;8,875;8875;8,875;8,9;8,75;49.53M;-0.84%
16/02/2023;8,7;8700;8,825;8,85;8,7;66.07M;-1.97%
17/02/2023;8,725;8725;8,775;8,85;8,725;34.69M;0.29%
20/02/2023;8,75;8750;8,725;8,825;8,7;40.08M;0.29%
21/02/2023;8,7;8700;8,775;8,8;8,7;25.39M;-0.57%
22/02/2023;8,675;8675;8,7;8,75;8,625;51.05M;-0.29%
23/02/2023;8,725;8725;8,625;8,75;8,625;53.42M;0.58%
24/02/2023;8,675;8675;8,775;8,85;8,675;60.25M;-0.57%
27/02/2023;8,775;8775;8,675;8,775;8,65;48.20M;1.15%
28/02/2023;8,75;8750;8,775;8,775;8,675;106.35M;-0.28%
01/03/2023;8,6;8600;8,725;8,75;8,6;67.03M;-1.71%
02/03/2023;8,625;8625;8,6;8,7;8,6;56.69M;0.29%
03/03/2023;8,475;8475;8,65;8,675;8,475;95.38M;-1.74%
06/03/2023;8,4;8400;8,55;8,55;8,4;93.72M;-0.88%
07/03/2023;8,425;8425;8,35;8,475;8,35;94.24M;0.30%
08/03/2023;8,575;8575;8,4;8,575;8,4;62.40M;1.78%
09/03/2023;8,575;8575;8,65;8,65;8,55;54.20M;0.00%
10/03/2023;8,45;8450;8,5;8,55;8,45;59.64M;-1.46%
13/03/2023;8,55;8550;8,45;8,625;8,45;82.08M;1.18%
14/03/2023;8,325;8325;8,425;8,475;8,325;91.63M;-2.63%
15/03/2023;8,325;8325;8,45;8,475;8,325;69.99M;0.00%
16/03/2023;8,3;8300;8,3;8,35;8,25;95.93M;-0.30%
17/03/2023;8,375;8375;8,375;8,45;8,325;141.35M;0.90%
20/03/2023;8,4;8400;8,4;8,475;8,375;37.33M;0.30%
21/03/2023;8,5;8500;8,4;8,5;8,375;73.12M;1.19%
24/03/2023;8,825;8825;8,7;8,825;8,625;173.08M;3.82%
27/03/2023;8,7;8700;8,825;8,825;8,7;113.51M;-1.42%
28/03/2023;8,675;8675;8,8;8,8;8,675;86.87M;-0.29%
29/03/2023;8,8;8800;8,675;8,8;8,625;79.93M;1.44%
30/03/2023;8,825;8825;8,9;8,9;8,8;118.98M;0.28%
31/03/2023;8,75;8750;8,825;8,85;8,725;97.16M;-0.85%
03/04/2023;8,8;8800;8,825;8,825;8,75;52.54M;0.57%
04/04/2023;8,775;8775;8,825;8,825;8,65;49.12M;-0.28%
05/04/2023;8,725;8725;8,775;8,8;8,725;37.59M;-0.57%
06/04/2023;8,75;8750;8,7;8,775;8,7;45.50M;0.29%
10/04/2023;8,8;8800;8,725;8,8;8,7;24.92M;0.57%
11/04/2023;8,825;8825;8,825;8,825;8,75;44.55M;0.28%
12/04/2023;8,9;8900;8,9;8,9;8,825;76.27M;0.85%
13/04/2023;8,925;8925;8,95;8,95;8,875;68.71M;0.28%
14/04/2023;9;9000;9;9;8,95;90.71M;0.84%
17/04/2023;9,025;9025;9,025;9,05;8,9;83.95M;0.28%
18/04/2023;9,125;9125;9,05;9,175;9,025;91.24M;1.11%
26/04/2023;9,2;9200;9,125;9,2;9;186.93M;0.82%
27/04/2023;9,15;9150;9,1;9,175;9,075;66.13M;-0.54%
28/04/2023;9,05;9050;9,1;9,125;9,05;145.78M;-1.09%
02/05/2023;9,05;9050;9,1;9,1;8,9;105.73M;0.00%
03/05/2023;8,925;8925;9,05;9,05;8,875;69.75M;-1.38%
04/05/2023;9;9000;8,925;9,025;8,875;59.66M;0.84%
05/05/2023;9;9000;9;9,05;8,95;55.56M;0.00%
08/05/2023;9;9000;9;9,075;8,95;84.75M;0.00%
09/05/2023;8,925;8925;8,95;8,975;8,9;42.05M;-0.83%
10/05/2023;8,925;8925;8,925;8,95;8,9;45.50M;0.00%
11/05/2023;8,825;8825;8,9;8,9;8,8;82.00M;-1.12%
12/05/2023;8,8;8800;8,75;8,875;8,725;79.77M;-0.28%
15/05/2023;8,775;8775;8,875;8,875;8,725;50.79M;-0.28%
16/05/2023;8,7;8700;8,8;8,825;8,7;57.84M;-0.85%
17/05/2023;8,775;8775;8,775;8,85;8,75;70.01M;0.86%
19/05/2023;9;9000;8,9;9;8,825;105.99M;2.56%
22/05/2023;9;9000;9;9,075;8,925;91.00M;0.00%
23/05/2023;9,125;9125;9,05;9,15;9,025;87.74M;1.39%
24/05/2023;9,025;9025;9,2;9,2;9,025;64.85M;-1.10%
25/05/2023;9,05;9050;9,1;9,15;9,05;62.06M;0.28%
26/05/2023;9,15;9150;9,175;9,2;9,1;55.68M;1.10%
29/05/2023;9,15;9150;9,25;9,25;9,075;79.15M;0.00%
30/05/2023;9,25;9250;9,2;9,325;9,15;111.13M;1.09%
31/05/2023;9,05;9050;9,3;9,325;9,05;421.02M;-2.16%
05/06/2023;9,2;9200;9,15;9,325;9,1;163.54M;1.66%
06/06/2023;9,15;9150;9,05;9,2;9,05;74.87M;-0.54%
07/06/2023;9,1;9100;9,125;9,175;9,075;66.81M;-0.55%
08/06/2023;9,125;9125;9,075;9,125;9,075;53.19M;0.27%
09/06/2023;9,1;9100;9,175;9,175;9,1;44.65M;-0.27%
12/06/2023;9,15;9150;9,15;9,15;9,1;38.08M;0.55%
13/06/2023;9,15;9150;9,175;9,175;9,1;45.55M;0.00%
14/06/2023;9,075;9075;9,1;9,125;9,05;72.22M;-0.82%
15/06/2023;9,05;9050;9,1;9,1;9,05;59.07M;-0.28%
16/06/2023;9,05;9050;9,1;9,1;8,975;112.77M;0.00%
19/06/2023;9;9000;9;9,05;9;32.33M;-0.55%
20/06/2023;9,05;9050;9,025;9,05;8,95;54.99M;0.56%
21/06/2023;9,125;9125;9,05;9,125;9;43.38M;0.83%
22/06/2023;9,05;9050;9,125;9,15;9,05;48.29M;-0.82%
23/06/2023;9,05;9050;9,025;9,15;9,025;47.81M;0.00%
26/06/2023;9,075;9075;9,025;9,125;9,025;36.39M;0.28%
27/06/2023;9,15;9150;9,05;9,15;9,05;36.23M;0.83%
03/07/2023;9,075;9075;9,025;9,075;9,025;108.88M;-0.82%
04/07/2023;9,05;9050;9,15;9,15;9,05;35.05M;-0.28%
05/07/2023;9,05;9050;9,05;9,075;9,025;44.61M;0.00%
06/07/2023;9,075;9075;9,05;9,1;9,025;52.53M;0.28%
07/07/2023;9,025;9025;9,025;9,1;9,025;37.64M;-0.55%
10/07/2023;9,05;9050;9,1;9,1;9,05;28.98M;0.28%
11/07/2023;9,025;9025;9,1;9,1;9,025;43.70M;-0.28%
12/07/2023;9,175;9175;9,075;9,175;9,05;61.57M;1.66%
13/07/2023;9,125;9125;9,2;9,225;9,125;65.23M;-0.54%
14/07/2023;9,2;9200;9,175;9,2;9,125;55.55M;0.82%
17/07/2023;9,175;9175;9,2;9,25;9,175;62.55M;-0.27%
18/07/2023;9,15;9150;9,2;9,25;9,1;66.97M;-0.27%
20/07/2023;9,15;9150;9,2;9,225;9,125;83.48M;0.00%
21/07/2023;9,15;9150;9,15;9,175;9,125;42.67M;0.00%
24/07/2023;9,1;9100;9,2;9,2;9,1;62.06M;-0.55%
25/07/2023;9,15;9150;9,175;9,3;9,15;122.80M;0.55%
26/07/2023;9,35;9350;9,175;9,35;9,125;113.87M;2.19%
27/07/2023;9,225;9225;9,4;9,4;9,225;77.85M;-1.34%
28/07/2023;9,125;9125;9,2;9,225;9,125;74.51M;-1.08%
31/07/2023;9,125;9125;9,175;9,2;9,1;80.87M;0.00%
01/08/2023;9,125;9125;9,175;9,175;9,1;49.76M;0.00%
02/08/2023;9,2;9200;9,125;9,2;9,125;60.63M;0.82%
03/08/2023;9,25;9250;9,15;9,3;9,15;64.60M;0.54%
04/08/2023;9,15;9150;9,25;9,275;9,125;52.68M;-1.08%
07/08/2023;9,275;9275;9,15;9,275;9,15;55.59M;1.37%
08/08/2023;9,2;9200;9,275;9,3;9,2;61.29M;-0.81%
09/08/2023;9,4;9400;9,275;9,4;9,25;77.06M;2.17%
10/08/2023;9,4;9400;9,4;9,425;9,35;78.07M;0.00%
11/08/2023;9,4;9400;9,425;9,45;9,375;68.90M;0.00%
14/08/2023;9,35;9350;9,325;9,35;9,225;75.50M;-0.53%
15/08/2023;9,3;9300;9,325;9,375;9,3;59.30M;-0.53%
16/08/2023;9,3;9300;9,275;9,325;9,25;76.44M;0.00%
18/08/2023;9,25;9250;9,25;9,35;9,25;79.33M;-0.54%
21/08/2023;9,175;9175;9,225;9,25;9,175;73.57M;-0.81%
22/08/2023;9,3;9300;9,15;9,325;9,15;65.66M;1.36%
23/08/2023;9,3;9300;9,3;9,325;9,275;63.75M;0.00%
24/08/2023;9,2;9200;9,25;9,325;9,2;53.73M;-1.08%
25/08/2023;9,275;9275;9,2;9,275;9,175;50.38M;0.82%
28/08/2023;9,2;9200;9,25;9,25;9,2;44.42M;-0.81%
29/08/2023;9,25;9250;9,275;9,3;9,2;45.43M;0.54%
30/08/2023;9,2;9200;9,3;9,3;9,2;56.23M;-0.54%
31/08/2023;9,175;9175;9,2;9,225;9,1;136.11M;-0.27%
01/09/2023;9,225;9225;9,2;9,275;9,175;42.15M;0.54%
04/09/2023;9,225;9225;9,225;9,275;9,175;40.61M;0.00%
05/09/2023;9,225;9225;9,25;9,25;9,2;42.01M;0.00%
06/09/2023;9,15;9150;9,2;9,25;9,15;49.32M;-0.81%
07/09/2023;9,175;9175;9,125;9,175;9,1;61.41M;0.27%
08/09/2023;9,125;9125;9,1;9,15;9,05;80.73M;-0.54%
11/09/2023;9,125;9125;9,075;9,125;9,075;53.16M;0.00%
12/09/2023;9,1;9100;9,1;9,125;9,075;66.48M;-0.27%
13/09/2023;9,075;9075;9,05;9,075;9;69.49M;-0.27%
14/09/2023;9,1;9100;9;9,125;9;112.76M;0.28%
15/09/2023;9;9000;9,05;9,1;9;121.01M;-1.10%
18/09/2023;9;9000;9,05;9,075;9;34.27M;0.00%
19/09/2023;9,075;9075;9;9,075;8,975;37.02M;0.83%
20/09/2023;9,15;9150;9,125;9,175;9,075;54.31M;0.83%
21/09/2023;9,125;9125;9,125;9,15;9,075;40.61M;-0.27%
22/09/2023;9,075;9075;9,125;9,15;9,075;42.45M;-0.55%
25/09/2023;9;9000;9,075;9,075;9;56.23M;-0.83%
26/09/2023;8,95;8950;9;9,025;8,95;73.54M;-0.56%
27/09/2023;8,875;8875;8,9;9;8,875;84.35M;-0.84%
29/09/2023;8,825;8825;8,825;8,9;8,825;119.44M;-0.56%
02/10/2023;9,075;9075;8,9;9,1;8,875;93.66M;2.83%
03/10/2023;9,2;9200;9,075;9,2;9,025;99.11M;1.38%
04/10/2023;9,2;9200;9,2;9,25;9,125;112.58M;0.00%
05/10/2023;9,075;9075;9,2;9,2;9,075;72.86M;-1.36%
06/10/2023;9,025;9025;9,1;9,1;9,025;53.34M;-0.55%
09/10/2023;9,05;9050;9,025;9,125;9,025;43.77M;0.28%
10/10/2023;8,925;8925;9;9;8,925;107.49M;-1.38%
11/10/2023;8,925;8925;8,925;9,025;8,925;84.31M;0.00%
12/10/2023;9,05;9050;9;9,1;9;71.06M;1.40%
13/10/2023;9,075;9075;9,1;9,125;9,025;62.94M;0.28%
16/10/2023;9,1;9100;9,125;9,125;9,05;37.60M;0.28%
17/10/2023;8,95;8950;9,05;9,075;8,95;59.61M;-1.65%
18/10/2023;8,85;8850;8,925;8,95;8,85;70.86M;-1.12%
19/10/2023;8,75;8750;8,825;8,85;8,75;89.51M;-1.13%
20/10/2023;8,975;8975;8,725;9,025;8,725;80.33M;2.57%
23/10/2023;8,85;8850;8,875;8,925;8,85;50.63M;-1.39%
24/10/2023;8,775;8775;8,775;8,875;8,775;76.96M;-0.85%
25/10/2023;8,875;8875;8,825;8,925;8,825;54.75M;1.14%
26/10/2023;8,725;8725;8,925;8,95;8,725;63.20M;-1.69%
27/10/2023;8,7;8700;8,725;8,8;8,7;52.45M;-0.29%
30/10/2023;8,85;8850;8,7;8,85;8,7;51.96M;1.72%
31/10/2023;8,75;8750;8,8;8,825;8,725;64.91M;-1.13%
01/11/2023;8,6;8600;8,75;8,775;8,6;67.03M;-1.71%
02/11/2023;8,85;8850;8,725;8,9;8,725;56.05M;2.91%
03/11/2023;8,9;8900;8,925;8,95;8,85;60.41M;0.56%
06/11/2023;9,05;9050;8,975;9,05;8,95;84.99M;1.69%
07/11/2023;8,975;8975;9;9,025;8,9;60.65M;-0.83%
08/11/2023;9;9000;8,95;9;8,9;31.83M;0.28%
09/11/2023;9;9000;8,9;9,05;8,9;46.08M;0.00%
10/11/2023;8,825;8825;8,95;9;8,825;50.75M;-1.94%
13/11/2023;8,875;8875;8,875;8,925;8,85;32.72M;0.57%
14/11/2023;8,925;8925;8,9;8,95;8,875;37.20M;0.56%
15/11/2023;9,05;9050;8,975;9,05;8,95;84.98M;1.40%
16/11/2023;9,075;9075;9,05;9,075;8,95;80.28M;0.28%
17/11/2023;9,075;9075;9,025;9,075;8,975;57.05M;0.00%
20/11/2023;8,875;8875;8,975;9,025;8,875;73.54M;-2.20%
21/11/2023;8,775;8775;8,825;8,9;8,775;107.61M;-1.13%
22/11/2023;8,875;8875;8,775;8,875;8,775;40.36M;1.14%
23/11/2023;8,925;8925;8,85;8,975;8,85;55.54M;0.56%
24/11/2023;8,925;8925;8,925;8,975;8,9;51.62M;0.00%
27/11/2023;8,875;8875;8,9;8,95;8,875;35.68M;-0.56%
28/11/2023;8,875;8875;8,875;8,95;8,85;69.07M;0.00%
29/11/2023;8,9;8900;8,9;8,95;8,9;54.72M;0.28%
30/11/2023;8,975;8975;8,925;8,975;8,9;205.31M;0.84%
01/12/2023;8,95;8950;8,925;8,975;8,9;80.57M;-0.28%
04/12/2023;8,925;8925;8,95;9,025;8,925;54.75M;-0.28%
05/12/2023;8,9;8900;8,95;8,95;8,825;94.36M;-0.28%
06/12/2023;8,8;8800;8,85;8,95;8,8;81.85M;-1.12%
07/12/2023;8,825;8825;8,75;8,825;8,725;91.32M;0.28%
08/12/2023;8,75;8750;8,8;8,85;8,75;43.89M;-0.85%
11/12/2023;8,75;8750;8,675;8,775;8,675;78.64M;0.00%
12/12/2023;8,7;8700;8,7;8,75;8,7;87.59M;-0.57%
13/12/2023;8,675;8675;8,7;8,75;8,675;51.56M;-0.29%
14/12/2023;9,05;9050;8,775;9,05;8,75;139.38M;4.32%
15/12/2023;9,225;9225;9,125;9,225;9,075;275.01M;1.93%
18/12/2023;9,2;9200;9,2;9,225;9,15;111.71M;-0.27%
19/12/2023;9,25;9250;9,125;9,25;9,125;87.54M;0.54%
20/12/2023;9,3;9300;9,25;9,3;9,225;72.94M;0.54%
21/12/2023;9,325;9325;9,3;9,325;9,25;88.12M;0.27%
22/12/2023;9,325;9325;9,275;9,35;9,275;64.45M;0.00%
27/12/2023;9,375;9375;9,375;9,4;9,325;72.26M;0.54%
28/12/2023;9,4;9400;9,325;9,425;9,325;70.18M;0.27%
29/12/2023;9,4;9400;9,425;9,45;9,35;79.90M;0.00%
02/01/2024;9,425;9425;9,4;9,425;9,35;30.55M;0.27%
03/01/2024;9,35;9350;9,425;9,425;9,325;34.60M;-0.80%
04/01/2024;9,475;9475;9,4;9,475;9,375;77.29M;1.34%
05/01/2024;9,575;9575;9,5;9,6;9,475;85.29M;1.06%
08/01/2024;9,575;9575;9,6;9,625;9,475;50.90M;0.00%
09/01/2024;9,625;9625;9,6;9,625;9,575;59.85M;0.52%
10/01/2024;9,55;9550;9,65;9,65;9,55;52.77M;-0.78%
11/01/2024;9,575;9575;9,625;9,65;9,575;51.58M;0.26%
12/01/2024;9,7;9700;9,65;9,7;9,6;68.25M;1.31%
15/01/2024;9,725;9725;9,75;9,75;9,65;88.58M;0.26%
16/01/2024;9,7;9700;9,7;9,75;9,675;44.87M;-0.26%
17/01/2024;9,75;9750;9,75;9,75;9,65;107.71M;0.52%
18/01/2024;9,675;9675;9,675;9,75;9,625;71.05M;-0.77%
19/01/2024;9,625;9625;9,775;9,775;9,6;63.18M;-0.52%
22/01/2024;9,625;9625;9,6;9,65;9,525;52.87M;0.00%
23/01/2024;9,6;9600;9,45;9,6;9,45;92.35M;-0.26%
24/01/2024;9,525;9525;9,6;9,6;9,475;84.91M;-0.78%
25/01/2024;9,5;9500;9,45;9,575;9,45;63.21M;-0.26%
26/01/2024;9,35;9350;9,4;9,45;9,3;78.98M;-1.58%
29/01/2024;9,55;9550;9,4;9,55;9,375;73.45M;2.14%
30/01/2024;9,65;9650;9,5;9,65;9,475;73.14M;1.05%
31/01/2024;9,55;9550;9,7;9,7;9,55;102.58M;-1.04%
01/02/2024;9,7;9700;9,65;9,725;9,575;109.29M;1.57%
02/02/2024;9,7;9700;9,775;9,8;9,625;99.32M;0.00%
05/02/2024;9,575;9575;9,675;9,675;9,525;57.98M;-1.29%
06/02/2024;9,625;9625;9,75;9,75;9,625;87.65M;0.52%
07/02/2024;9,7;9700;9,7;9,725;9,65;93.32M;0.78%
12/02/2024;9,8;9800;9,75;9,8;9,7;99.80M;1.03%
13/02/2024;9,725;9725;9,75;9,8;9,7;66.07M;-0.77%
15/02/2024;9,85;9850;9,95;9,975;9,85;164.75M;1.29%
16/02/2024;9,95;9950;9,975;10;9,875;142.28M;1.02%
19/02/2024;9,875;9875;9,9;9,975;9,825;53.34M;-0.75%
20/02/2024;10,025;10025;9,85;10,025;9,85;64.00M;1.52%
21/02/2024;9,975;9975;9,95;10;9,85;75.55M;-0.50%
22/02/2024;9,875;9875;9,975;9,975;9,875;66.91M;-1.00%
23/02/2024;9,825;9825;9,9;9,925;9,8;55.19M;-0.51%
26/02/2024;9,8;9800;9,75;9,875;9,725;53.82M;-0.25%
27/02/2024;9,875;9875;9,75;9,9;9,75;43.74M;0.77%
28/02/2024;10;10000;9,975;10;9,9;66.95M;1.27%
29/02/2024;9,875;9875;10;10;9,85;127.02M;-1.25%
01/03/2024;9,825;9825;9,9;9,925;9,8;51.52M;-0.51%
04/03/2024;9,75;9750;9,8;9,825;9,75;43.82M;-0.76%
05/03/2024;9,8;9800;9,9;9,9;9,775;61.95M;0.51%
06/03/2024;9,95;9950;9,9;10;9,775;70.24M;1.53%
07/03/2024;10,125;10125;10,05;10,175;10;118.37M;1.76%
08/03/2024;10,15;10150;10,25;10,3;10,125;100.95M;0.25%
13/03/2024;10;10000;10,4;10,4;10;141.62M;-1.48%
14/03/2024;10,325;10325;10,05;10,325;10,025;110.68M;3.25%
15/03/2024;10,15;10150;10,2;10,3;10,05;154.18M;-1.69%
18/03/2024;10,15;10150;10,175;10,275;10,15;62.44M;0.00%
19/03/2024;10,175;10175;10,15;10,25;10,15;55.00M;0.25%
20/03/2024;10,125;10125;10,1;10,15;10,075;66.27M;-0.49%
21/03/2024;10,125;10125;10,175;10,225;10,05;90.28M;0.00%
22/03/2024;10,1;10100;10;10,125;9,95;120.53M;-0.25%
25/03/2024;10,075;10075;9,925;10,075;9,925;66.97M;-0.25%
26/03/2024;10,05;10050;9,95;10,05;9,95;65.74M;-0.25%
27/03/2024;10,075;10075;10,025;10,075;10;39.51M;0.25%
28/03/2024;10,075;10075;10,025;10,1;9,975;79.23M;0.00%
01/04/2024;9,85;9850;10,075;10,1;9,825;79.25M;-2.23%
02/04/2024;9,9;9900;9,925;9,95;9,8;76.76M;0.51%
03/04/2024;9,525;9525;9,75;9,8;9,525;177.42M;-3.79%
04/04/2024;9,85;9850;9,575;9,85;9,575;77.27M;3.41%
05/04/2024;9,825;9825;9,95;9,95;9,825;70.43M;-0.25%
16/04/2024;9,475;9475;9,35;9,575;9,25;283.27M;-3.56%
17/04/2024;9,525;9525;9,55;9,675;9,525;95.62M;0.53%
18/04/2024;9,475;9475;9,525;9,575;9,45;127.13M;-0.52%
19/04/2024;9,475;9475;9,35;9,5;9,3;147.78M;0.00%
22/04/2024;9,35;9350;9,4;9,425;9,35;128.91M;-1.32%
23/04/2024;9,725;9725;9,4;9,775;9,375;181.70M;4.01%
24/04/2024;9,95;9950;9,825;9,95;9,75;132.83M;2.31%
25/04/2024;9,775;9775;10;10;9,7;104.87M;-1.76%
26/04/2024;9,625;9625;9,7;9,825;9,625;100.93M;-1.53%
29/04/2024;9,8;9800;9,525;9,85;9,525;90.06M;1.82%
30/04/2024;9,8;9800;10,05;10,05;9,8;109.62M;0.00%
02/05/2024;9,55;9550;9,9;9,9;9,5;97.08M;-2.55%
03/05/2024;9,85;9850;9,75;9,85;9,675;84.03M;3.14%
06/05/2024;9,8;9800;9,85;9,875;9,775;53.08M;-0.51%
07/05/2024;9,7;9700;9,7;9,75;9,625;66.75M;-1.02%
08/05/2024;9,375;9375;9,6;9,7;9,375;112.81M;-3.35%
13/05/2024;9,525;9525;9,2;9,525;9,2;145.47M;1.60%
14/05/2024;9,55;9550;9,625;9,675;9,525;95.36M;0.26%
15/05/2024;9,5;9500;9,5;9,6;9,425;54.74M;-0.52%
16/05/2024;9,6;9600;9,575;9,675;9,525;61.13M;1.05%
17/05/2024;9,75;9750;9,6;9,85;9,575;99.85M;1.56%
20/05/2024;9,475;9475;9,7;9,8;9,475;87.89M;-2.82%
21/05/2024;9,375;9375;9,45;9,575;9,375;75.71M;-1.06%
22/05/2024;9,425;9425;9,475;9,575;9,325;121.71M;0.53%
27/05/2024;9,3;9300;9,3;9,375;9,275;128.58M;-1.33%
28/05/2024;9,3;9300;9,3;9,4;9,3;73.95M;0.00%
29/05/2024;9,15;9150;9,275;9,325;9,15;117.35M;-1.61%
30/05/2024;9;9000;9;9,25;8,775;207.12M;-1.64%
31/05/2024;9,25;9250;9,1;9,25;9,025;756.43M;2.78%
03/06/2024;9,275;9275;9,35;9,35;9,225;72.20M;0.27%
04/06/2024;9,35;9350;9,525;9,525;9,35;75.35M;0.81%
05/06/2024;9,45;9450;9,5;9,5;9,3;85.71M;1.07%
06/06/2024;9,475;9475;9,525;9,525;9,45;44.99M;0.26%
07/06/2024;9,325;9325;9,5;9,5;9,325;51.60M;-1.58%
10/06/2024;9,525;9525;9,5;9,525;9,45;45.58M;2.14%
11/06/2024;9,3;9300;9,55;9,55;9,3;68.69M;-2.36%
12/06/2024;9,25;9250;9,3;9,325;9,25;49.79M;-0.54%
13/06/2024;9,2;9200;9,475;9,475;9,2;84.65M;-0.54%
14/06/2024;9,2;9200;9,2;9,25;9,1;52.99M;0.00%
19/06/2024;9,05;9050;9,25;9,25;9,05;100.05M;-1.63%
20/06/2024;9,425;9425;9,15;9,425;9,1;81.47M;4.14%
21/06/2024;9,6;9600;9,475;9,675;9,4;167.76M;1.86%
24/06/2024;9,6;9600;9,6;9,75;9,575;79.59M;0.00%
25/06/2024;9,6;9600;9,6;9,6;9,45;80.03M;0.00%
26/06/2024;9,5;9500;9,525;9,65;9,45;77.91M;-1.04%
27/06/2024;9,75;9750;9,575;9,75;9,55;89.15M;2.63%
28/06/2024;9,925;9925;9,8;9,975;9,775;166.17M;1.79%
01/07/2024;9,875;9875;9,85;9,9;9,825;68.63M;-0.50%
02/07/2024;9,9;9900;10;10;9,85;78.85M;0.25%
03/07/2024;10;10000;9,975;10;9,925;55.86M;1.01%
04/07/2024;9,825;9825;9,975;10;9,825;67.05M;-1.75%
05/07/2024;9,95;9950;9,925;9,975;9,875;36.95M;1.27%
08/07/2024;10,05;10050;10;10,05;9,95;72.90M;1.01%
09/07/2024;10,075;10075;10,1;10,15;10,075;61.85M;0.25%
10/07/2024;10,1;10100;10,175;10,225;10,05;62.33M;0.25%
11/07/2024;10,075;10075;10;10,125;10;55.91M;-0.25%
12/07/2024;10,075;10075;10,05;10,1;10,025;79.03M;0.00%
15/07/2024;10,05;10050;10,05;10,075;9,95;36.68M;-0.25%
16/07/2024;9,95;9950;9,975;10,025;9,95;37.19M;-1.00%
17/07/2024;9,8;9800;9,9;9,95;9,8;90.67M;-1.51%
18/07/2024;10,1;10100;9,8;10,1;9,8;65.38M;3.06%
19/07/2024;10,125;10125;10,05;10,125;9,975;53.88M;0.25%
22/07/2024;10,1;10100;10,125;10,15;10,1;31.29M;-0.25%
23/07/2024;10,175;10175;10,2;10,2;10,125;39.32M;0.74%
24/07/2024;10,075;10075;10,125;10,175;10,075;24.66M;-0.98%
25/07/2024;10,3;10300;10,225;10,3;10,2;98.09M;2.23%
26/07/2024;10,325;10325;10,375;10,4;10,3;75.57M;0.24%
29/07/2024;10,25;10250;10,4;10,425;10,175;69.09M;-0.73%
30/07/2024;10,175;10175;10,3;10,3;10,175;32.20M;-0.73%
31/07/2024;10,275;10275;10,35;10,35;10,225;82.52M;0.98%
01/08/2024;10,375;10375;10,2;10,375;10,2;61.18M;0.97%
02/08/2024;10,2;10200;10,275;10,35;10,2;55.77M;-1.69%
05/08/2024;9,875;9875;10;10,15;9,875;126.33M;-3.19%
06/08/2024;10;10000;10,075;10,075;9,95;78.47M;1.27%
07/08/2024;10,1;10100;10;10,1;10;52.35M;1.00%
08/08/2024;10,225;10225;10,15;10,225;10,075;54.16M;1.24%
09/08/2024;10,15;10150;10,225;10,25;10,1;47.06M;-0.73%
12/08/2024;10,2;10200;10,1;10,2;10,075;40.36M;0.49%
13/08/2024;10,3;10300;10,25;10,3;10,175;55.21M;0.98%
14/08/2024;10,2;10200;10,3;10,3;10,2;48.00M;-0.97%
15/08/2024;10,225;10225;10,2;10,3;10,175;33.40M;0.25%
16/08/2024;10,325;10325;10,3;10,325;10,25;40.73M;0.98%
19/08/2024;10,375;10375;10,325;10,425;10,275;51.05M;0.48%
20/08/2024;10,425;10425;10,325;10,45;10,3;60.30M;0.48%
21/08/2024;10,425;10425;10,5;10,5;10,425;84.85M;0.00%
22/08/2024;10,325;10325;10,35;10,4;10,225;56.61M;-0.96%
23/08/2024;10,325;10325;10,325;10,375;10,3;46.65M;0.00%
26/08/2024;10,325;10325;10,275;10,375;10,25;35.15M;0.00%
27/08/2024;10,2;10200;10,275;10,3;10,175;60.45M;-1.21%
28/08/2024;10,35;10350;10,3;10,35;10,25;38.49M;1.47%
29/08/2024;10,225;10225;10,5;10,5;10,225;53.00M;-1.21%
30/08/2024;10,325;10325;10,325;10,325;10,2;158.40M;0.98%
02/09/2024;10,275;10275;10,375;10,375;10,2;72.01M;-0.48%
03/09/2024;10,175;10175;10,325;10,325;10,15;50.95M;-0.97%
04/09/2024;10,3;10300;10,15;10,3;10,125;44.82M;1.23%
05/09/2024;10,25;10250;10,35;10,35;10,25;39.33M;-0.49%
06/09/2024;10,3;10300;10,225;10,3;10,225;31.54M;0.49%
09/09/2024;10,275;10275;10,3;10,35;10,2;36.19M;-0.24%
10/09/2024;10,35;10350;10,35;10,35;10,275;55.09M;0.73%
11/09/2024;10,425;10425;10,425;10,425;10,35;64.62M;0.72%
12/09/2024;10,475;10475;10,45;10,5;10,375;70.76M;0.48%
13/09/2024;10,425;10425;10,4;10,425;10,325;70.06M;-0.48%
17/09/2024;10,5;10500;10,45;10,5;10,35;89.75M;0.72%
18/09/2024;10,625;10625;10,5;10,625;10,45;65.42M;1.19%
19/09/2024;10,9;10900;10,7;10,9;10,65;140.89M;2.59%
20/09/2024;10,775;10775;10,9;10,9;10,775;142.19M;-1.15%
23/09/2024;10,95;10950;10,725;10,95;10,725;72.55M;1.62%
24/09/2024;10,8;10800;10,775;10,95;10,775;105.19M;-1.37%
25/09/2024;10,85;10850;10,675;10,85;10,525;158.37M;0.46%
26/09/2024;10,7;10700;10,875;10,875;10,675;84.96M;-1.38%
27/09/2024;10,65;10650;10,5;10,75;10,4;93.03M;-0.47%
30/09/2024;10,325;10325;10,475;10,55;10,325;144.69M;-3.05%
01/10/2024;10,55;10550;10,4;10,55;10,375;59.80M;2.18%
02/10/2024;10,5;10500;10,325;10,55;10,325;86.75M;-0.47%
03/10/2024;10,45;10450;10,45;10,525;10,4;60.89M;-0.48%
04/10/2024;10,475;10475;10,4;10,475;10,35;58.50M;0.24%
07/10/2024;10,3;10300;10,35;10,375;10,25;91.87M;-1.67%
08/10/2024;10,4;10400;10,2;10,5;10,15;99.62M;0.97%
09/10/2024;10,425;10425;10,4;10,525;10,4;56.84M;0.24%
10/10/2024;10,5;10500;10,425;10,5;10,4;51.08M;0.72%
11/10/2024;10,375;10375;10,575;10,575;10,375;44.63M;-1.19%
14/10/2024;10,5;10500;10,375;10,5;10,375;31.74M;1.20%
15/10/2024;10,625;10625;10,55;10,625;10,45;66.64M;1.19%
16/10/2024;10,475;10475;10,7;10,725;10,475;63.26M;-1.41%
17/10/2024;10,725;10725;10,55;10,8;10,5;66.99M;2.39%
18/10/2024;10,75;10750;10,875;10,875;10,725;56.30M;0.23%
21/10/2024;10,675;10675;10,85;10,85;10,675;36.47M;-0.70%
22/10/2024;10,5;10500;10,475;10,6;10,475;94.80M;-1.64%
23/10/2024;10,65;10650;10,475;10,65;10,475;48.90M;1.43%
24/10/2024;10,7;10700;10,725;10,85;10,7;85.34M;0.47%
25/10/2024;10,75;10750;10,65;10,75;10,625;34.85M;0.47%
28/10/2024;10,6;10600;10,825;10,825;10,6;39.06M;-1.40%
29/10/2024;10,5;10500;10,525;10,575;10,5;49.68M;-0.94%
30/10/2024;10,35;10350;10,275;10,4;10,275;114.48M;-1.43%
31/10/2024;10,25;10250;10,325;10,475;10,25;97.55M;-0.97%
