Date,Price,Return
2021-01-05,7090.0,0.036628870368123234
2021-01-06,6945.0,-0.02066336433772901
2021-01-07,6965.0,0.0028756310254620257
2021-01-08,7050.0,0.012130009592408298
2021-01-11,7345.0,0.04099219280166324
2021-01-12,7160.0,-0.025509828653286333
2021-01-13,7120.0,-0.005602255548669898
2021-01-14,7020.0,-0.014144507386164625
2021-01-15,6955.0,-0.009302392662313561
2021-01-18,7120.0,0.023446900048478176
2021-01-19,7095.0,-0.0035174148118784394
2021-01-20,7095.0,0.0
2021-01-21,7075.0,-0.0028228670827046545
2021-01-22,7080.0,0.0007064641763270316
2021-01-25,7035.0,-0.006376217139275997
2021-01-26,6820.0,-0.031038218710981603
2021-01-27,6790.0,-0.0044085302847659685
2021-01-28,6900.0,0.01607047003260888
2021-01-29,6760.0,-0.02049852154834093
2021-02-01,6820.0,0.008836581800497944
2021-02-02,6800.0,-0.0029368596733097135
2021-02-03,6825.0,0.0036697288889624017
2021-02-04,6855.0,0.004385971943254268
2021-02-05,6915.0,0.008714652102443909
2021-02-08,6920.0,0.0007228045128565787
2021-02-09,6980.0,0.008633147144702875
2021-02-10,6920.0,-0.00863314714470289
2021-02-11,6880.0,-0.005797117684325958
2021-02-15,6800.0,-0.011696039763191298
2021-02-16,6940.0,0.020379162336652046
2021-02-17,6900.0,-0.005780362915499425
2021-02-18,6735.0,-0.024203601740886364
2021-02-19,6825.0,0.013274531208696108
2021-02-22,6790.0,-0.005141399500418652
2021-02-23,6825.0,0.005141399500418652
2021-02-24,6725.0,-0.014760415583120573
2021-02-25,6705.0,-0.002978408754260944
2021-02-26,6710.0,0.0007454342499486637
2021-03-01,7045.0,0.048719194367053104
2021-03-02,7015.0,-0.004267431796219244
2021-03-03,7000.0,-0.0021405644991109884
2021-03-04,6720.0,-0.040821994520255166
2021-03-05,6800.0,0.011834457647002798
2021-03-08,6720.0,-0.011834457647002796
2021-03-09,6605.0,-0.017261216560769527
2021-03-10,6705.0,0.015026578759353195
2021-03-12,6765.0,0.00890874488910943
2021-03-15,6665.0,-0.01489230799207936
2021-03-16,6625.0,-0.006019581758386039
2021-03-17,6610.0,-0.0022667180086910323
2021-03-18,6705.0,0.014269862870046848
2021-03-19,6760.0,0.008169373321230926
2021-03-22,6620.0,-0.020927520105955874
2021-03-23,6565.0,-0.008342862194157348
2021-03-24,6440.0,-0.019223967638497316
2021-03-25,6370.0,-0.010929070532190317
2021-03-26,6415.0,0.007039528483527873
2021-03-29,6360.0,-0.008610620715568944
2021-03-30,6395.0,0.005488057678775263
2021-03-31,6215.0,-0.028550710068131563
2021-04-01,6225.0,0.0016077173880968793
2021-04-05,6155.0,-0.01130868271435453
2021-04-06,6165.0,0.00162337697989077
2021-04-07,6250.0,0.013693327132002456
2021-04-08,6135.0,-0.018571385585435342
2021-04-09,6200.0,0.010539213888171105
2021-04-12,6065.0,-0.022014749655032376
2021-04-13,6000.0,-0.010775073167958412
2021-04-14,6305.0,0.04958350018882784
2021-04-15,6280.0,-0.003972988936775558
2021-04-16,6275.0,-0.0007964954622597524
2021-04-19,6270.0,-0.0007971303730182775
2021-04-20,6235.0,-0.005597775512829602
2021-04-21,6165.0,-0.011290442515692181
2021-04-22,6215.0,0.00807758834636673
2021-04-23,6390.0,0.027768543426769043
2021-04-26,6285.0,-0.016568426347232705
2021-04-27,6405.0,0.018913093306486776
2021-04-28,6320.0,-0.013359727189931529
2021-04-29,6410.0,0.014140062773812693
2021-04-30,6405.0,-0.0007803355838810867
2021-05-03,6390.0,-0.0023446669592541345
2021-05-04,6400.0,0.0015637219761827589
2021-05-05,6425.0,0.003898640415657323
2021-05-06,6425.0,0.0
2021-05-07,6400.0,-0.003898640415657309
2021-05-10,6420.0,0.0031201273362436777
2021-05-11,6480.0,0.00930239266231341
2021-05-17,6500.0,0.0030816665374081144
2021-05-18,6390.0,-0.017067908512147997
2021-05-19,6345.0,-0.007067167223092443
2021-05-20,6380.0,0.005500996190347426
2021-05-21,6360.0,-0.0031397200046677527
2021-05-24,6325.0,-0.005518342738446871
2021-05-25,6355.0,0.004731870027833413
2021-05-27,6270.0,-0.013465549996588094
2021-05-28,6340.0,0.011102413804305322
2021-05-31,6375.0,0.005505322595355254
2021-06-02,6465.0,0.014018921179330996
2021-06-03,6600.0,0.020666636808559128
2021-06-04,6580.0,-0.003034903695154047
2021-06-07,6530.0,-0.007627802048886127
2021-06-08,6430.0,-0.01543240503881164
2021-06-09,6530.0,0.015432405038811717
2021-06-10,6620.0,0.013688426660577107
2021-06-11,6470.0,-0.022919261436107622
2021-06-14,6410.0,-0.00931683758023055
2021-06-15,6470.0,0.009316837580230539
2021-06-16,6385.0,-0.013224619028306583
2021-06-17,6330.0,-0.008651253328417843
2021-06-18,6325.0,-0.0007902015425009138
2021-06-21,6250.0,-0.011928570865273845
2021-06-22,6340.0,0.014297304700824394
2021-06-23,6230.0,-0.017502435649772784
2021-06-24,6210.0,-0.0032154368539743547
2021-06-25,6190.0,-0.003225809248882677
2021-06-28,6055.0,-0.022050709691449132
2021-06-29,6045.0,-0.0016528929382996255
2021-06-30,6025.0,-0.0033140046900373347
2021-07-01,6025.0,0.0
2021-07-02,6100.0,0.012371291802546829
2021-07-05,6110.0,0.0016380020042383698
2021-07-06,6055.0,-0.009042396178448372
2021-07-07,6065.0,0.0016501653909579254
2021-07-08,6015.0,-0.008278192969371283
2021-07-09,6020.0,0.0008309098940873815
2021-07-12,6170.0,0.02461157859656688
2021-07-13,6045.0,-0.020467353850540458
2021-07-14,5990.0,-0.00914007193939799
2021-07-15,6115.0,0.020653357011777614
2021-07-16,6110.0,-0.0008179959556316983
2021-07-19,6005.0,-0.017334317651557147
2021-07-21,6010.0,0.0008322930151693695
2021-07-22,6155.0,0.0238400110893006
2021-07-23,6035.0,-0.019688905086922018
2021-07-26,6005.0,-0.004983399017547915
2021-07-27,6005.0,0.0
2021-07-28,5980.0,-0.004171887569406493
2021-07-29,6040.0,0.009983443984183205
2021-07-30,5970.0,-0.011657084542212865
2021-08-02,5960.0,-0.0016764463272523713
2021-08-03,6145.0,0.03056826194073967
2021-08-04,6120.0,-0.004076646493763376
2021-08-05,6300.0,0.028987536873252187
2021-08-06,6160.0,-0.02247285585205863
2021-08-09,6200.0,0.00647251450561752
2021-08-10,6300.0,0.01600034134644112
2021-08-12,6300.0,0.0
2021-08-13,6410.0,0.017309637535091606
2021-08-16,6420.0,0.0015588467692910996
2021-08-18,6600.0,0.02765153133050995
2021-08-19,6600.0,0.0
2021-08-20,6600.0,0.0
2021-08-23,6590.0,-0.0015163005179639638
2021-08-24,6600.0,0.001516300517964008
2021-08-25,6600.0,0.0
2021-08-26,6560.0,-0.006079046076382226
2021-08-27,6510.0,-0.00765114673551975
2021-08-30,6565.0,0.008413051534281691
2021-08-31,6550.0,-0.0022874581075989693
2021-09-01,6565.0,0.002287458107599062
2021-09-02,6540.0,-0.0038153422856522312
2021-09-03,6600.0,0.009132483563272472
2021-09-06,6575.0,-0.0037950709685516094
2021-09-07,6570.0,-0.0007607455673091553
2021-09-08,6440.0,-0.019985292380256953
2021-09-09,6570.0,0.0199852923802568
2021-09-10,6520.0,-0.007639456557957614
2021-09-13,6555.0,0.005353741277101604
2021-09-14,6545.0,-0.0015267178537999079
2021-09-15,6495.0,-0.0076687492393003745
2021-09-16,6500.0,0.0007695267790285181
2021-09-17,6520.0,0.003072199036970059
2021-09-20,6585.0,0.009919959256682888
2021-09-21,6490.0,-0.01453180447924576
2021-09-22,6555.0,0.009965586499664551
2021-09-23,6580.0,0.003806628121562767
2021-09-24,6585.0,0.0007595898580185516
2021-09-27,6580.0,-0.0007595898580185669
2021-09-28,6520.0,-0.009160369398664278
2021-09-29,6580.0,0.009160369398664195
2021-09-30,7000.0,0.06187540371808745
2021-10-01,6760.0,-0.03488725900044055
2021-10-04,6960.0,0.029156584291455487
2021-10-05,6945.0,-0.0021574981400212367
2021-10-06,7180.0,0.03327740685382574
2021-10-07,7160.0,-0.0027894020875785254
2021-10-08,7290.0,0.017993565048012472
2021-10-11,7255.0,-0.004812659684415571
2021-10-12,7320.0,0.008919441637068926
2021-10-13,7525.0,0.027620482661719185
2021-10-14,7750.0,0.029462032730316282
2021-10-15,7650.0,-0.01298719552681119
2021-10-18,7525.0,-0.016474837203505097
2021-10-19,7500.0,-0.003327790092674691
2021-10-21,7400.0,-0.013423020332140661
2021-10-22,7525.0,0.01675081042481535
2021-10-25,7525.0,0.0
2021-10-26,7525.0,0.0
2021-10-27,7450.0,-0.010016778243471232
2021-10-28,7375.0,-0.010118130165584667
2021-10-29,7475.0,0.01346821705086661
2021-11-01,7400.0,-0.010084119066626047
2021-11-02,7300.0,-0.013605652055778598
2021-11-03,7350.0,0.006825965070399891
2021-11-04,7375.0,0.0033955890011381075
2021-11-05,7450.0,0.010118130165584686
2021-11-08,7575.0,0.016639319003964724
2021-11-09,7675.0,0.01311494207782795
2021-11-10,7650.0,-0.0032626456348163824
2021-11-11,7675.0,0.0032626456348163694
2021-11-12,7525.0,-0.019737482838321434
2021-11-15,7500.0,-0.003327790092674691
2021-11-16,7475.0,-0.0033389012655145986
2021-11-17,7575.0,0.013289232118682706
2021-11-18,7400.0,-0.023373351185308713
2021-11-19,7425.0,0.003372684478639156
2021-11-22,7475.0,0.006711434587986778
2021-11-23,7475.0,0.0
2021-11-24,7475.0,0.0
2021-11-25,7425.0,-0.006711434587986804
2021-11-26,7275.0,-0.020408871631207123
2021-11-29,7400.0,0.0170361871525678
2021-11-30,7275.0,-0.017036187152567852
2021-12-01,7300.0,0.0034305350967892222
2021-12-02,7500.0,0.02702867238791942
2021-12-03,7375.0,-0.01680711831638129
2021-12-06,7350.0,-0.0033955890011381604
2021-12-07,7350.0,0.0
2021-12-08,7425.0,0.010152371464017908
2021-12-09,7350.0,-0.010152371464017962
2021-12-10,7375.0,0.0033955890011381075
2021-12-13,7300.0,-0.010221554071538028
2021-12-14,7300.0,0.0
2021-12-15,7300.0,0.0
2021-12-16,7275.0,-0.0034305350967892482
2021-12-17,7500.0,0.03045920748470844
2021-12-20,7375.0,-0.01680711831638129
2021-12-21,7375.0,0.0
2021-12-22,7325.0,-0.006802747322752523
2021-12-23,7300.0,-0.003418806748785609
2021-12-24,7300.0,0.0
2021-12-27,7350.0,0.006825965070399891
2021-12-28,7350.0,0.0
2021-12-29,7300.0,-0.006825965070399871
2021-12-30,7300.0,0.0
2022-01-03,7325.0,0.003418806748785461
2022-01-04,7400.0,0.010186845306992997
2022-01-05,7450.0,0.0067340321813441194
2022-01-06,7475.0,0.003350086885282027
2022-01-07,7650.0,0.02314152856169433
2022-01-10,7600.0,-0.006557400546159052
2022-01-11,7700.0,0.0130720815673527
2022-01-12,7700.0,0.0
2022-01-13,7700.0,0.0
2022-01-14,7850.0,0.01929320293467885
2022-01-17,7750.0,-0.012820688429061434
2022-01-18,7675.0,-0.009724549891994744
2022-01-19,7675.0,0.0
2022-01-20,7775.0,0.012945164592036986
2022-01-21,7950.0,0.022258470600942697
2022-01-24,7800.0,-0.019048194970694474
2022-01-25,7775.0,-0.0032102756302482102
2022-01-26,7700.0,-0.00969312920565968
2022-01-27,7800.0,0.012903404835907782
2022-01-28,7775.0,-0.0032102756302482102
2022-01-31,7625.0,-0.01948113557182254
2022-02-02,7800.0,0.02269141120207067
2022-02-03,7725.0,-0.009661910911736859
2022-02-04,7725.0,0.0
2022-02-07,7800.0,0.00966191091173689
2022-02-08,7725.0,-0.009661910911736859
2022-02-09,7950.0,0.02871010588243136
2022-02-10,7750.0,-0.0254790853009849
2022-02-11,7825.0,0.009630893060961366
2022-02-14,7700.0,-0.016103407566578735
2022-02-15,7875.0,0.022472855852058576
2022-02-16,7975.0,0.012618463959211464
2022-02-17,7900.0,-0.009448889197932507
2022-02-18,7925.0,0.003159560290368518
2022-02-21,7950.0,0.0031496089028962013
2022-02-22,7900.0,-0.006309169193264721
2022-02-23,8050.0,0.018809331957496293
2022-02-24,8000.0,-0.006230549750636086
2022-02-25,8050.0,0.006230549750636163
2022-03-01,8050.0,0.0
2022-03-02,7975.0,-0.009360442759563695
2022-03-04,7900.0,-0.009448889197932507
2022-03-07,7700.0,-0.02564243061333767
2022-03-08,7650.0,-0.006514681021193642
2022-03-09,7850.0,0.025807883955872503
2022-03-10,7925.0,0.009508787969027356
2022-03-11,7950.0,0.0031496089028962013
2022-03-14,8075.0,0.01560094044247981
2022-03-15,8150.0,0.009245058144051209
2022-03-16,8200.0,0.006116227017436054
2022-03-17,8000.0,-0.02469261259037152
2022-03-18,7900.0,-0.012578782206860073
2022-03-21,7900.0,0.0
2022-03-22,7925.0,0.003159560290368518
2022-03-23,7900.0,-0.0031595602903684815
2022-03-24,7925.0,0.003159560290368518
2022-03-25,7950.0,0.0031496089028962013
2022-03-28,7900.0,-0.006309169193264721
2022-03-29,7850.0,-0.00634922767865878
2022-03-30,7875.0,0.0031796529173798056
2022-03-31,7975.0,0.012618463959211464
2022-04-01,7925.0,-0.00628932890756399
2022-04-04,7900.0,-0.0031595602903684815
2022-04-05,7900.0,0.0
2022-04-06,7750.0,-0.01916991610772017
2022-04-07,7750.0,0.0
2022-04-08,7850.0,0.012820688429061469
2022-04-11,7725.0,-0.0160517090105079
2022-04-12,7800.0,0.00966191091173689
2022-04-13,7800.0,0.0
2022-04-14,7700.0,-0.012903404835907841
2022-04-18,7700.0,0.0
2022-04-19,7625.0,-0.00978800636616282
2022-04-20,7650.0,0.0032733253449691085
2022-04-21,7925.0,0.035316671924899935
2022-04-22,7875.0,-0.006329135051647512
2022-04-25,8000.0,0.015748356968139112
2022-04-26,8125.0,0.015504186535965254
2022-04-27,8200.0,0.00918842605440617
2022-04-28,8125.0,-0.009188426054406255
2022-05-09,7600.0,-0.0667974809235158
2022-05-10,7525.0,-0.009917436657345916
2022-05-11,7650.0,0.016474837203505042
2022-05-12,7275.0,-0.05026183478088831
2022-05-13,7325.0,0.006849341845574768
2022-05-17,7400.0,0.010186845306992997
2022-05-18,7575.0,0.023373351185308804
2022-05-19,7450.0,-0.01663931900396467
2022-05-20,7400.0,-0.006734032181344068
2022-05-23,7375.0,-0.0033840979842405684
2022-05-24,7350.0,-0.0033955890011381604
2022-05-25,7375.0,0.0033955890011381075
2022-05-27,7575.0,0.026757449169549332
2022-05-30,7575.0,0.0
2022-05-31,7750.0,0.022839491969822736
2022-06-02,7575.0,-0.02283949196982279
2022-06-03,7600.0,0.0032948958968524846
2022-06-06,7450.0,-0.019934214900817253
2022-06-07,7375.0,-0.010118130165584667
2022-06-08,7600.0,0.030052345066401837
2022-06-09,7500.0,-0.01324522675002068
2022-06-10,7350.0,-0.020202707317519466
2022-06-13,7350.0,0.0
2022-06-14,7400.0,0.006779686985378769
2022-06-15,7325.0,-0.010186845306993018
2022-06-16,7575.0,0.0335601964923019
2022-06-17,7500.0,-0.009950330853168092
2022-06-20,7625.0,0.016529301951210506
2022-06-21,7650.0,0.0032733253449691085
2022-06-22,7500.0,-0.019802627296179754
2022-06-23,7525.0,0.0033277900926747457
2022-06-24,7475.0,-0.006666691358189345
2022-06-27,7350.0,-0.016863806052004805
2022-06-28,7300.0,-0.006825965070399871
2022-06-29,7275.0,-0.0034305350967892482
2022-06-30,7250.0,-0.00344234419097279
2022-07-01,7250.0,0.0
2022-07-04,7050.0,-0.02797385204240618
2022-07-05,7250.0,0.027973852042406162
2022-07-06,7300.0,0.0068728792877620504
2022-07-07,7100.0,-0.027779564107075706
2022-07-08,7150.0,0.00701757265864654
2022-07-11,7125.0,-0.003502630551202112
2022-07-12,7175.0,0.006993035490970604
2022-07-13,7000.0,-0.02469261259037152
2022-07-14,7025.0,0.0035650661644961446
2022-07-15,7000.0,-0.003565066164496146
2022-07-18,7150.0,0.021202207650602906
2022-07-19,7175.0,0.0034904049397685676
2022-07-20,7400.0,0.03087723856443923
2022-07-21,7400.0,0.0
2022-07-22,7325.0,-0.010186845306993018
2022-07-25,7300.0,-0.003418806748785609
2022-07-26,7300.0,0.0
2022-07-27,7325.0,0.003418806748785461
2022-07-28,7350.0,0.0034071583216143558
2022-07-29,7350.0,0.0
2022-08-01,7500.0,0.02020270731751947
2022-08-02,7600.0,0.013245226750020723
2022-08-03,7625.0,0.0032840752011900187
2022-08-04,7800.0,0.02269141120207067
2022-08-05,7875.0,0.009569451016150672
2022-08-08,7875.0,0.0
2022-08-09,7900.0,0.0031695747612790395
2022-08-10,7900.0,0.0
2022-08-11,7950.0,0.006309169193264756
2022-08-12,7925.0,-0.00314960890289622
2022-08-15,7950.0,0.0031496089028962013
2022-08-16,7975.0,0.0031397200046678463
2022-08-18,8000.0,0.0031298930089275656
2022-08-19,7900.0,-0.012578782206860073
2022-08-22,8000.0,0.012578782206860185
2022-08-23,7900.0,-0.012578782206860073
2022-08-24,7950.0,0.006309169193264756
2022-08-25,8075.0,0.01560094044247981
2022-08-26,8000.0,-0.009331327428884305
2022-08-29,8150.0,0.018576385572935457
2022-08-30,8175.0,0.003062789530545731
2022-08-31,8200.0,0.003053437486890248
2022-09-01,8150.0,-0.006116227017436094
2022-09-02,8225.0,0.009160369398664195
2022-09-05,8275.0,0.0060606246116909545
2022-09-06,8275.0,0.0
2022-09-07,8375.0,0.012012156448003434
2022-09-08,8350.0,-0.0029895388483660483
2022-09-09,8375.0,0.002989538848365986
2022-09-12,8375.0,0.0
2022-09-13,8525.0,0.01775194545845032
2022-09-14,8500.0,-0.0029368596733097135
2022-09-15,8750.0,0.028987536873252187
2022-09-16,8450.0,-0.03488725900044055
2022-09-19,8650.0,0.023392879574705375
2022-09-20,8550.0,-0.011628037995119099
2022-09-21,8475.0,-0.00881062968215492
2022-09-22,8475.0,0.0
2022-09-23,8375.0,-0.011869575555383882
2022-09-26,8425.0,0.005952398527295352
2022-09-27,8300.0,-0.014947961435873139
2022-09-28,8325.0,0.0030075210639553224
2022-09-29,8375.0,0.005988041844622693
2022-09-30,8550.0,0.020680205237538822
2022-10-03,8500.0,-0.005865119452398134
2022-10-04,8550.0,0.005865119452398058
2022-10-05,8450.0,-0.01176484157958637
2022-10-06,8425.0,-0.002962965130657072
2022-10-07,8200.0,-0.027069321968218027
2022-10-10,8300.0,0.01212136053234482
2022-10-11,8250.0,-0.006042314455962586
2022-10-12,8325.0,0.009049835519917856
2022-10-13,8275.0,-0.006024114603380902
2022-10-14,8250.0,-0.003025720916536956
2022-10-17,8250.0,0.0
2022-10-18,8300.0,0.006042314455962662
2022-10-19,8275.0,-0.003016593539425679
2022-10-20,8500.0,0.026827242233144276
2022-10-21,8650.0,0.01749315744751712
2022-10-24,8900.0,0.02849195579430624
2022-10-25,8700.0,-0.022728251077556175
2022-10-26,8550.0,-0.01739174271186922
2022-10-27,8700.0,0.01739174271186924
2022-10-28,8750.0,0.0057306747089850745
2022-10-31,8800.0,0.005698021114637796
2022-11-01,8800.0,0.0
2022-11-02,8750.0,-0.005698021114637779
2022-11-03,8800.0,0.005698021114637796
2022-11-04,8775.0,-0.0028449521322312507
2022-11-07,8850.0,0.00851068966790861
2022-11-08,8750.0,-0.011363758650315095
2022-11-09,8875.0,0.014184634991956381
2022-11-10,8800.0,-0.008486613877318694
2022-11-11,8850.0,0.0056657375356773
2022-11-14,8750.0,-0.011363758650315095
2022-11-15,8800.0,0.005698021114637796
2022-11-16,8600.0,-0.02298951822469872
2022-11-17,8725.0,0.014430264829028837
2022-11-18,8825.0,0.011396134730869582
2022-11-21,8725.0,-0.011396134730869582
2022-11-22,8900.0,0.019858808649603255
2022-11-23,8875.0,-0.0028129413766146126
2022-11-24,9000.0,0.01398624197473987
2022-11-25,8975.0,-0.0027816429618768026
2022-11-28,9025.0,0.005555569844601964
2022-11-29,8975.0,-0.005555569844601994
2022-11-30,9300.0,0.035571465784867584
2022-12-01,9000.0,-0.03278982282299084
2022-12-02,8900.0,-0.011173300598125189
2022-12-05,8775.0,-0.014144507386164625
2022-12-06,8675.0,-0.011461443519006652
2022-12-07,8450.0,-0.026278884463840423
2022-12-08,8500.0,0.005899722127188322
2022-12-09,8575.0,0.008784829555732811
2022-12-12,8700.0,0.014472032608534469
2022-12-13,8700.0,0.0
2022-12-14,8625.0,-0.008658062743114541
2022-12-15,8500.0,-0.014598799421152636
2022-12-16,8600.0,0.011696039763191236
2022-12-19,8650.0,0.005797117684325915
2022-12-20,8575.0,-0.008708327891784308
2022-12-21,8675.0,0.011594332780919227
2022-12-22,8575.0,-0.011594332780919257
2022-12-23,8500.0,-0.008784829555732803
2022-12-26,8575.0,0.008784829555732811
2022-12-27,8600.0,0.0029112102074585343
2022-12-28,8650.0,0.005797117684325915
2022-12-29,8575.0,-0.008708327891784308
2022-12-30,8550.0,-0.0029197101033347503
2023-01-02,8550.0,0.0
2023-01-03,8550.0,0.0
2023-01-04,8350.0,-0.023669744085904734
2023-01-05,8250.0,-0.01204833851617448
2023-01-06,8300.0,0.006042314455962662
2023-01-09,8450.0,0.017910926566530243
2023-01-10,8175.0,-0.03308572458576545
2023-01-11,8125.0,-0.006134988567515944
2023-01-12,8175.0,0.006134988567515929
2023-01-13,8050.0,-0.015408625352845068
2023-01-16,8150.0,0.012345835822299362
2023-01-17,8325.0,0.02124510861373628
2023-01-18,8300.0,-0.0030075210639553284
2023-01-19,8325.0,0.0030075210639553224
2023-01-20,8300.0,-0.0030075210639553284
2023-01-24,8225.0,-0.009077218151116652
2023-01-25,8200.0,-0.0030441423812281325
2023-01-26,8475.0,0.03298649899630645
2023-01-27,8700.0,0.026202372394024117
2023-01-30,8700.0,0.0
2023-01-31,8475.0,-0.026202372394024072
2023-02-01,8500.0,0.0029455102297567446
2023-02-02,8450.0,-0.005899722127188271
2023-02-03,8700.0,0.029156584291455487
2023-02-06,8725.0,0.002869442427952739
2023-02-07,8850.0,0.01422499093134726
2023-02-08,8825.0,-0.0028288562004777137
2023-02-09,8900.0,0.008462673918733728
2023-02-10,8825.0,-0.008462673918733654
2023-02-13,8875.0,0.0056497325421191276
2023-02-14,8950.0,0.008415196925284498
2023-02-15,8875.0,-0.008415196925284472
2023-02-16,8700.0,-0.019915309700941432
2023-02-17,8725.0,0.002869442427952739
2023-02-20,8750.0,0.002861232281032195
2023-02-21,8700.0,-0.005730674708984983
2023-02-22,8675.0,-0.002877699827615169
2023-02-23,8725.0,0.005747142255568071
2023-02-24,8675.0,-0.005747142255567959
2023-02-27,8775.0,0.011461443519006598
2023-02-28,8750.0,-0.002853068982406399
2023-03-01,8600.0,-0.017291497110060994
2023-03-02,8625.0,0.00290275965796141
2023-03-03,8475.0,-0.017544309650909508
2023-03-06,8400.0,-0.00888894741724604
2023-03-07,8425.0,0.00297177038915748
2023-03-08,8575.0,0.01764751681357814
2023-03-09,8575.0,0.0
2023-03-10,8450.0,-0.014684551682921182
2023-03-13,8550.0,0.01176484157958643
2023-03-14,8325.0,-0.026668247082161294
2023-03-15,8325.0,0.0
2023-03-16,8300.0,-0.0030075210639553284
2023-03-17,8375.0,0.008995562908577783
2023-03-20,8400.0,0.00298062813813772
2023-03-21,8500.0,0.011834457647002798
2023-03-24,8825.0,0.037522439323089775
2023-03-27,8700.0,-0.014265577158822458
2023-03-28,8675.0,-0.002877699827615169
2023-03-29,8800.0,0.01430639565123793
2023-03-30,8825.0,0.0028368813351997567
2023-03-31,8750.0,-0.008534902449837444
2023-04-03,8800.0,0.005698021114637796
2023-04-04,8775.0,-0.0028449521322312507
2023-04-05,8725.0,-0.005714301263438664
2023-04-06,8750.0,0.002861232281032195
2023-04-10,8800.0,0.005698021114637796
2023-04-11,8825.0,0.0028368813351997567
2023-04-12,8900.0,0.008462673918733728
2023-04-13,8925.0,0.0028050509276086816
2023-04-14,9000.0,0.00836824967051658
2023-04-17,9025.0,0.0027739268827252244
2023-04-18,9125.0,0.01101939524961048
2023-04-26,9200.0,0.008185584586439502
2023-04-27,9150.0,-0.005449604767564703
2023-04-28,9050.0,-0.010989121575595206
2023-05-02,9050.0,0.0
2023-05-03,8925.0,-0.013908430046132
2023-05-04,9000.0,0.00836824967051658
2023-05-05,9000.0,0.0
2023-05-08,9000.0,0.0
2023-05-09,8925.0,-0.00836824967051658
2023-05-10,8925.0,0.0
2023-05-11,8825.0,-0.011267724846342269
2023-05-12,8800.0,-0.0028368813351997263
2023-05-15,8775.0,-0.0028449521322312507
2023-05-16,8700.0,-0.008583743691391442
2023-05-17,8775.0,0.008583743691391435
2023-05-19,9000.0,0.025317807984289786
2023-05-22,9000.0,0.0
2023-05-23,9125.0,0.01379332213233577
2023-05-24,9025.0,-0.011019395249610538
2023-05-25,9050.0,0.00276625349289011
2023-05-26,9150.0,0.010989121575595165
2023-05-29,9150.0,0.0
2023-05-30,9250.0,0.010869672236903891
2023-05-31,9050.0,-0.021858793812499073
2023-06-05,9200.0,0.01643872634315994
2023-06-06,9150.0,-0.005449604767564703
2023-06-07,9100.0,-0.005479465764625596
2023-06-08,9125.0,0.002743485945750834
2023-06-09,9100.0,-0.0027434859457508326
2023-06-12,9150.0,0.0054794657646255705
2023-06-13,9150.0,0.0
2023-06-14,9075.0,-0.00823049913651548
2023-06-15,9050.0,-0.0027586224390797514
2023-06-16,9050.0,0.0
2023-06-19,9000.0,-0.005540180375615356
2023-06-20,9050.0,0.005540180375615351
2023-06-21,9125.0,0.008253141756720482
2023-06-22,9050.0,-0.008253141756720414
2023-06-23,9050.0,0.0
2023-06-26,9075.0,0.0027586224390796607
2023-06-27,9150.0,0.008230499136515444
2023-07-03,9075.0,-0.00823049913651548
2023-07-04,9050.0,-0.0027586224390797514
2023-07-05,9050.0,0.0
2023-07-06,9075.0,0.0027586224390796607
2023-07-07,9025.0,-0.005524875931969804
2023-07-10,9050.0,0.00276625349289011
2023-07-11,9025.0,-0.002766253492890185
2023-07-12,9175.0,0.016483889721689415
2023-07-13,9125.0,-0.0054644944720787375
2023-07-14,9200.0,0.008185584586439502
2023-07-17,9175.0,-0.0027210901143606132
2023-07-18,9150.0,-0.0027285146532040625
2023-07-20,9150.0,0.0
2023-07-21,9150.0,0.0
2023-07-24,9100.0,-0.005479465764625596
2023-07-25,9150.0,0.0054794657646255705
2023-07-26,9350.0,0.02162246401316571
2023-07-27,9225.0,-0.0134591533740048
2023-07-28,9125.0,-0.010899290458035631
2023-07-31,9125.0,0.0
2023-08-01,9125.0,0.0
2023-08-02,9200.0,0.008185584586439502
2023-08-03,9250.0,0.005420067469339113
2023-08-04,9150.0,-0.010869672236903879
2023-08-07,9275.0,0.013568729206068796
2023-08-08,9200.0,-0.008119124438504242
2023-08-09,9400.0,0.021506205220963682
2023-08-10,9400.0,0.0
2023-08-11,9400.0,0.0
2023-08-14,9350.0,-0.005333345975362617
2023-08-15,9300.0,-0.005361943141385399
2023-08-16,9300.0,0.0
2023-08-18,9250.0,-0.005390848634876423
2023-08-21,9175.0,-0.008141157583699885
2023-08-22,9300.0,0.013532006218576373
2023-08-23,9300.0,0.0
2023-08-24,9200.0,-0.010810916104215617
2023-08-25,9275.0,0.008119124438504191
2023-08-28,9200.0,-0.008119124438504242
2023-08-29,9250.0,0.005420067469339113
2023-08-30,9200.0,-0.005420067469339145
2023-08-31,9175.0,-0.0027210901143606132
2023-09-01,9225.0,0.005434795985956995
2023-09-04,9225.0,0.0
2023-09-05,9225.0,0.0
2023-09-06,9150.0,-0.008163310639160981
2023-09-07,9175.0,0.002728514653203914
2023-09-08,9125.0,-0.0054644944720787375
2023-09-11,9125.0,0.0
2023-09-12,9100.0,-0.0027434859457508326
2023-09-13,9075.0,-0.002751033371889871
2023-09-14,9100.0,0.0027510333718897976
2023-09-15,9000.0,-0.011049836186584935
2023-09-18,9000.0,0.0
2023-09-19,9075.0,0.008298802814695064
2023-09-20,9150.0,0.008230499136515444
2023-09-21,9125.0,-0.0027359798188747488
2023-09-22,9075.0,-0.005494519317640702
2023-09-25,9000.0,-0.008298802814695066
2023-09-26,8950.0,-0.00557104504945536
2023-09-27,8875.0,-0.008415196925284472
2023-09-29,8825.0,-0.005649732542119021
2023-10-02,9075.0,0.027934777331554066
2023-10-03,9200.0,0.013680103904080176
2023-10-04,9200.0,0.0
2023-10-05,9075.0,-0.013680103904080154
2023-10-06,9025.0,-0.005524875931969804
2023-10-09,9050.0,0.00276625349289011
2023-10-10,8925.0,-0.013908430046132
2023-10-11,8925.0,0.0
2023-10-12,9050.0,0.013908430046131931
2023-10-13,9075.0,0.0027586224390796607
2023-10-16,9100.0,0.0027510333718897976
2023-10-17,8950.0,-0.016620881236040407
2023-10-18,8850.0,-0.011236073266925842
2023-10-19,8750.0,-0.011363758650315095
2023-10-20,8975.0,0.025389234004819593
2023-10-23,8850.0,-0.014025475354504434
2023-10-24,8775.0,-0.00851068966790862
2023-10-25,8875.0,0.011331566009550018
2023-10-26,8725.0,-0.01704586727298861
2023-10-27,8700.0,-0.00286944242795282
2023-10-30,8850.0,0.01709443335930004
2023-10-31,8750.0,-0.011363758650315095
2023-11-01,8600.0,-0.017291497110060994
2023-11-02,8850.0,0.02865525576037615
2023-11-03,8900.0,0.005633817718256064
2023-11-06,9050.0,0.016713480973740532
2023-11-07,8975.0,-0.008321823337492217
2023-11-08,9000.0,0.0027816429618767705
2023-11-09,9000.0,0.0
2023-11-10,8825.0,-0.019635974516858962
2023-11-13,8875.0,0.0056497325421191276
2023-11-14,8925.0,0.005617992304223274
2023-11-15,9050.0,0.013908430046131931
2023-11-16,9075.0,0.0027586224390796607
2023-11-17,9075.0,0.0
2023-11-20,8875.0,-0.022285044789434983
2023-11-21,8775.0,-0.01133156600954997
2023-11-22,8875.0,0.011331566009550018
2023-11-23,8925.0,0.005617992304223274
2023-11-24,8925.0,0.0
2023-11-27,8875.0,-0.005617992304223261
2023-11-28,8875.0,0.0
2023-11-29,8900.0,0.0028129413766146577
2023-11-30,8975.0,0.00839165763624838
2023-12-01,8950.0,-0.0027894020875785254
2023-12-04,8925.0,-0.002797204621061254
2023-12-05,8900.0,-0.0028050509276086096
2023-12-06,8800.0,-0.011299555253933394
2023-12-07,8825.0,0.0028368813351997567
2023-12-08,8750.0,-0.008534902449837444
2023-12-11,8750.0,0.0
2023-12-12,8700.0,-0.005730674708984983
2023-12-13,8675.0,-0.002877699827615169
2023-12-14,9050.0,0.042319431878911955
2023-12-15,9225.0,0.019152432214756137
2023-12-18,9200.0,-0.002713705871596273
2023-12-19,9250.0,0.005420067469339113
2023-12-20,9300.0,0.005390848634876373
2023-12-21,9325.0,0.002684565370668983
2023-12-22,9325.0,0.0
2023-12-27,9375.0,0.005347606326595277
2023-12-28,9400.0,0.0026631174194836284
2023-12-29,9400.0,0.0
2024-01-02,9425.0,0.0026560440581162104
2024-01-03,9350.0,-0.007989390033478863
2024-01-04,9475.0,0.013280407667894466
2024-01-05,9575.0,0.01049878409821957
2024-01-08,9575.0,0.0
2024-01-09,9625.0,0.00520834510713826
2024-01-10,9550.0,-0.007822725681209045
2024-01-11,9575.0,0.0026143805740708936
2024-01-12,9700.0,0.012970350442627405
2024-01-15,9725.0,0.0025740039951728426
2024-01-16,9700.0,-0.0025740039951728773
2024-01-17,9750.0,0.005141399500418652
2024-01-18,9675.0,-0.007722046093910278
2024-01-19,9625.0,-0.005181358741997629
2024-01-22,9625.0,0.0
2024-01-23,9600.0,-0.0026007817000573675
2024-01-24,9525.0,-0.007843177461025893
2024-01-25,9500.0,-0.002628122406269469
2024-01-26,9350.0,-0.015915455305899568
2024-01-29,9550.0,0.02116481119204333
2024-01-30,9650.0,0.01041676085825558
2024-01-31,9550.0,-0.010416760858255715
2024-02-01,9700.0,0.01558473101669833
2024-02-02,9700.0,0.0
2024-02-05,9575.0,-0.012970350442627404
2024-02-06,9625.0,0.00520834510713826
2024-02-07,9700.0,0.007762005335489109
2024-02-12,9800.0,0.010256500167189061
2024-02-13,9725.0,-0.007682496172016282
2024-02-15,9850.0,0.01277156567948754
2024-02-16,9950.0,0.01010109598650392
2024-02-19,9875.0,-0.007566240383315813
2024-02-20,10025.0,0.015075662405447396
2024-02-21,9975.0,-0.0050000104167057515
2024-02-22,9875.0,-0.010075651988741587
2024-02-23,9825.0,-0.005076153031860661
2024-02-26,9800.0,-0.0025477720787986644
2024-02-27,9875.0,0.007623925110659366
2024-02-28,10000.0,0.012578782206860185
2024-02-29,9875.0,-0.012578782206860073
2024-03-01,9825.0,-0.005076153031860661
2024-03-04,9750.0,-0.007662872745569137
2024-03-05,9800.0,0.005115100666770409
2024-03-06,9950.0,0.015190165493975238
2024-03-07,10125.0,0.017435061822101347
2024-03-08,10150.0,0.0024660924951934683
2024-03-13,10000.0,-0.014888612493750637
2024-03-14,10325.0,0.03198304585305074
2024-03-15,10150.0,-0.017094433359300068
2024-03-18,10150.0,0.0
2024-03-19,10175.0,0.002460025840862399
2024-03-20,10125.0,-0.004926118336055889
2024-03-21,10125.0,0.0
2024-03-22,10100.0,-0.002472189145389037
2024-03-25,10075.0,-0.00247831601446709
2024-03-26,10050.0,-0.002484473327661945
2024-03-27,10075.0,0.0024844733276619658
2024-03-28,10075.0,0.0
2024-04-01,9850.0,-0.022585652648749153
2024-04-02,9900.0,0.0050633019565466345
2024-04-03,9525.0,-0.038614836127779543
2024-04-04,9850.0,0.03355153417123286
2024-04-05,9825.0,-0.0025412974286725325
2024-04-16,9475.0,-0.03627340678683487
2024-04-17,9525.0,0.005263170044274691
2024-04-18,9475.0,-0.005263170044274644
2024-04-19,9475.0,0.0
2024-04-22,9350.0,-0.013280407667894378
2024-04-23,9725.0,0.0393235462039143
2024-04-24,9950.0,0.02287266166599131
2024-04-25,9775.0,-0.017744445299071956
2024-04-26,9625.0,-0.01546422569758159
2024-04-29,9800.0,0.018018505502678212
2024-04-30,9800.0,0.0
2024-05-02,9550.0,-0.025841231183887328
2024-05-03,9850.0,0.030930300691358558
2024-05-06,9800.0,-0.005089069507471293
2024-05-07,9700.0,-0.01025650016718911
2024-05-08,9375.0,-0.03407931365286262
2024-05-13,9525.0,0.015873349156290163
2024-05-14,9550.0,0.002621233479874287
2024-05-15,9500.0,-0.005249355886143678
2024-05-16,9600.0,0.010471299867295437
2024-05-17,9750.0,0.015504186535965254
2024-05-20,9475.0,-0.028610534041265775
2024-05-21,9375.0,-0.010610179112015571
2024-05-22,9425.0,0.005319161477600027
2024-05-27,9300.0,-0.013351333174864225
2024-05-28,9300.0,0.0
2024-05-29,9150.0,-0.01626052087178029
2024-05-30,9000.0,-0.016529301951210582
2024-05-31,9250.0,0.027398974188114347
2024-06-03,9275.0,0.0026990569691649835
2024-06-04,9350.0,0.008053734807096825
2024-06-05,9450.0,0.010638398205055797
2024-06-06,9475.0,0.002642009462838576
2024-06-07,9325.0,-0.015957785438610806
2024-06-10,9525.0,0.021220955482885436
2024-06-11,9300.0,-0.023905520853554366
2024-06-12,9250.0,-0.005390848634876423
2024-06-13,9200.0,-0.005420067469339145
2024-06-14,9200.0,0.0
2024-06-19,9050.0,-0.016438726343159835
2024-06-20,9425.0,0.04060097562223966
2024-06-21,9600.0,0.0183973651397161
2024-06-24,9600.0,0.0
2024-06-25,9600.0,0.0
2024-06-26,9500.0,-0.010471299867295366
2024-06-27,9750.0,0.025975486403260736
2024-06-28,9925.0,0.01778954156349824
2024-07-01,9875.0,-0.0050505157860685915
2024-07-02,9900.0,0.0025284463533586906
2024-07-03,10000.0,0.010050335853501506
2024-07-04,9825.0,-0.01765493523872071
2024-07-05,9950.0,0.012642393415176527
2024-07-08,10050.0,0.010000083334583399
2024-07-09,10075.0,0.0024844733276619658
2024-07-10,10100.0,0.0024783160144670005
2024-07-11,10075.0,-0.00247831601446709
2024-07-12,10075.0,0.0
2024-07-15,10050.0,-0.002484473327661945
2024-07-16,9950.0,-0.01000008333458331
2024-07-17,9800.0,-0.01519016549397512
2024-07-18,10100.0,0.030153038170687457
2024-07-19,10125.0,0.002472189145389073
2024-07-22,10100.0,-0.002472189145389037
2024-07-23,10175.0,0.007398307481444925
2024-07-24,10075.0,-0.009876623495911976
2024-07-25,10300.0,0.022086787402843505
2024-07-26,10325.0,0.0024242436115064756
2024-07-29,10250.0,-0.007290433262679232
2024-07-30,10175.0,-0.007343974255758506
2024-07-31,10275.0,0.0097800290536397
2024-08-01,10375.0,0.009685305734463679
2024-08-02,10200.0,-0.017011345826536562
2024-08-05,9875.0,-0.03238140950303983
2024-08-06,10000.0,0.012578782206860185
2024-08-07,10100.0,0.009950330853168092
2024-08-08,10225.0,0.012300278081651687
2024-08-09,10150.0,-0.007361996441069082
2024-08-12,10200.0,0.004914014802429163
2024-08-13,10300.0,0.009756174945364656
2024-08-14,10200.0,-0.009756174945364685
2024-08-15,10225.0,0.0024479816386400372
2024-08-16,10325.0,0.009732436918231054
2024-08-19,10375.0,0.004830927269665592
2024-08-20,10425.0,0.004807701568103078
2024-08-21,10425.0,0.0
2024-08-22,10325.0,-0.009638628837768745
2024-08-23,10325.0,0.0
2024-08-26,10325.0,0.0
2024-08-27,10200.0,-0.012180418556871072
2024-08-28,10350.0,0.014598799421152631
2024-08-29,10225.0,-0.012150817782512691
2024-08-30,10325.0,0.009732436918231054
