"Date","Price","Open","High","Low","Vol.","Change %"
"10/31/2024","1,965","1,960","1,985","1,960","12.41M","0.26%"
"10/30/2024","1,960","2,020","2,020","1,960","29.70M","-2.97%"
"10/29/2024","2,020","2,020","2,060","1,990","31.04M","0.00%"
"10/28/2024","2,020","2,100","2,110","2,020","23.21M","-3.81%"
"10/25/2024","2,100","2,130","2,160","2,100","30.24M","-1.41%"
"10/24/2024","2,130","2,170","2,200","2,100","81.41M","-8.58%"
"10/23/2024","2,330","2,320","2,340","2,290","12.44M","0.43%"
"10/22/2024","2,320","2,330","2,360","2,310","21.46M","-0.43%"
"10/21/2024","2,330","2,340","2,370","2,300","20.89M","0.00%"
"10/18/2024","2,330","2,370","2,370","2,330","12.02M","-1.69%"
"10/17/2024","2,370","2,400","2,410","2,370","21.52M","-2.87%"
"10/16/2024","2,440","2,370","2,440","2,320","43.98M","3.83%"
"10/15/2024","2,350","2,320","2,380","2,310","40.83M","1.29%"
"10/14/2024","2,320","2,270","2,320","2,250","15.73M","2.20%"
"10/11/2024","2,270","2,280","2,300","2,240","11.22M","-0.44%"
"10/10/2024","2,280","2,310","2,320","2,260","11.66M","0.00%"
"10/09/2024","2,280","2,310","2,350","2,280","24.87M","-1.30%"
"10/08/2024","2,310","2,270","2,330","2,240","31.08M","1.76%"
"10/07/2024","2,270","2,180","2,270","2,180","27.47M","4.61%"
"10/04/2024","2,170","2,190","2,200","2,170","8.64M","-0.91%"
"10/03/2024","2,190","2,170","2,200","2,140","17.31M","0.92%"
"10/02/2024","2,170","2,200","2,210","2,160","28.43M","-1.81%"
"10/01/2024","2,210","2,230","2,240","2,190","19.63M","0.00%"
"09/30/2024","2,210","2,270","2,290","2,210","29.42M","-2.64%"
"09/27/2024","2,270","2,310","2,340","2,270","38.12M","-1.30%"
"09/26/2024","2,300","2,300","2,310","2,260","24.68M","0.00%"
"09/25/2024","2,300","2,260","2,300","2,240","36.25M","1.77%"
"09/24/2024","2,260","2,220","2,270","2,210","25.95M","2.26%"
"09/23/2024","2,210","2,190","2,210","2,170","17.52M","1.84%"
"09/20/2024","2,170","2,200","2,210","2,170","41.02M","-1.36%"
"09/19/2024","2,200","2,210","2,300","2,200","71.19M","-0.45%"
"09/18/2024","2,210","2,190","2,210","2,180","14.50M","1.38%"
"09/17/2024","2,180","2,200","2,210","2,170","16.82M","-0.91%"
"09/13/2024","2,200","2,220","2,230","2,180","22.25M","-0.90%"
"09/12/2024","2,220","2,200","2,240","2,190","19.39M","1.37%"
"09/11/2024","2,190","2,210","2,270","2,190","19.45M","-0.90%"
"09/10/2024","2,210","2,190","2,240","2,190","15.57M","0.91%"
"09/09/2024","2,190","2,220","2,230","2,170","28.64M","-1.35%"
"09/06/2024","2,220","2,220","2,250","2,200","22.14M","0.00%"
"09/05/2024","2,220","2,240","2,250","2,220","19.92M","-0.89%"
"09/04/2024","2,240","2,250","2,260","2,230","17.65M","-0.44%"
"09/03/2024","2,250","2,290","2,300","2,250","20.12M","-1.75%"
"09/02/2024","2,290","2,280","2,330","2,260","33.19M","0.88%"
"08/30/2024","2,270","2,240","2,280","2,240","35.05M","1.34%"
"08/29/2024","2,240","2,250","2,280","2,240","16.90M","-0.44%"
"08/28/2024","2,250","2,290","2,290","2,240","33.92M","-1.75%"
"08/27/2024","2,290","2,350","2,360","2,250","53.07M","-2.55%"
"08/26/2024","2,350","2,350","2,380","2,330","20.40M","0.00%"
"08/23/2024","2,350","2,350","2,380","2,350","17.70M","0.00%"
"08/22/2024","2,350","2,360","2,390","2,330","23.16M","-0.42%"
"08/21/2024","2,360","2,380","2,430","2,360","59.00M","-0.42%"
"08/20/2024","2,370","2,360","2,410","2,340","47.60M","0.42%"
"08/19/2024","2,360","2,390","2,410","2,340","27.23M","-1.26%"
"08/16/2024","2,390","2,390","2,410","2,380","15.34M","0.42%"
"08/15/2024","2,380","2,410","2,430","2,380","14.68M","-2.06%"
"08/14/2024","2,430","2,450","2,460","2,410","19.70M","-0.82%"
"08/13/2024","2,450","2,470","2,470","2,430","9.96M","-0.41%"
"08/12/2024","2,460","2,460","2,480","2,440","6.17M","0.00%"
"08/09/2024","2,460","2,470","2,490","2,440","4.07M","0.00%"
"08/08/2024","2,460","2,470","2,500","2,460","6.24M","-0.81%"
"08/07/2024","2,480","2,460","2,480","2,440","7.54M","0.81%"
"08/06/2024","2,460","2,430","2,490","2,410","13.82M","2.07%"
"08/05/2024","2,410","2,430","2,450","2,370","12.80M","-0.82%"
"08/02/2024","2,430","2,500","2,540","2,430","12.72M","-2.80%"
"08/01/2024","2,500","2,440","2,510","2,440","12.30M","2.46%"
"07/31/2024","2,440","2,440","2,450","2,410","12.82M","0.41%"
"07/30/2024","2,430","2,480","2,480","2,410","13.42M","-1.22%"
"07/29/2024","2,460","2,490","2,520","2,450","15.27M","-1.20%"
"07/26/2024","2,490","2,500","2,520","2,480","10.43M","0.00%"
"07/25/2024","2,490","2,600","2,630","2,460","49.71M","-8.46%"
"07/24/2024","2,720","2,730","2,740","2,700","8.82M","-0.37%"
"07/23/2024","2,730","2,740","2,770","2,710","9.98M","-0.36%"
"07/22/2024","2,740","2,800","2,830","2,730","11.84M","-2.14%"
"07/19/2024","2,800","2,800","2,830","2,770","13.04M","0.00%"
"07/18/2024","2,800","2,860","2,880","2,800","15.39M","-2.10%"
"07/17/2024","2,860","2,830","2,880","2,820","6.44M","1.78%"
"07/16/2024","2,810","2,930","2,930","2,810","16.54M","-4.10%"
"07/15/2024","2,930","2,940","2,950","2,890","11.02M","0.34%"
"07/12/2024","2,920","2,910","2,950","2,900","8.18M","0.69%"
"07/11/2024","2,900","2,970","2,990","2,900","15.62M","-2.03%"
"07/10/2024","2,960","3,000","3,010","2,950","7.29M","-1.33%"
"07/09/2024","3,000","3,070","3,080","2,970","9.92M","-1.64%"
"07/08/2024","3,050","2,920","3,050","2,920","13.33M","4.81%"
"07/05/2024","2,910","2,920","2,940","2,910","3.81M","-0.34%"
"07/04/2024","2,920","2,930","2,950","2,900","9.16M","-0.68%"
"07/03/2024","2,940","2,970","2,970","2,920","13.48M","-1.01%"
"07/02/2024","2,970","2,960","2,980","2,940","18.08M","0.34%"
"07/01/2024","2,960","2,990","3,000","2,950","19.11M","-1.99%"
"06/28/2024","3,020","3,070","3,100","3,020","22.98M","-1.95%"
"06/27/2024","3,080","3,030","3,100","3,010","11.45M","2.33%"
"06/26/2024","3,010","3,010","3,050","2,990","10.00M","0.00%"
"06/25/2024","3,010","3,010","3,030","3,000","6.41M","0.00%"
"06/24/2024","3,010","3,010","3,060","3,010","11.46M","0.67%"
"06/21/2024","2,990","3,040","3,100","2,990","32.00M","-1.64%"
"06/20/2024","3,040","3,090","3,100","2,950","15.90M","-0.98%"
"06/19/2024","3,070","3,200","3,200","3,060","26.71M","-4.06%"
"06/14/2024","3,200","3,090","3,210","3,070","31.69M","4.58%"
"06/13/2024","3,060","3,060","3,120","3,060","11.47M","0.00%"
"06/12/2024","3,060","3,060","3,120","3,020","9.45M","0.00%"
"06/11/2024","3,060","3,090","3,120","3,050","9.31M","-0.33%"
"06/10/2024","3,070","3,010","3,160","3,010","16.34M","1.99%"
"06/07/2024","3,010","3,080","3,100","3,010","18.55M","-2.27%"
"06/06/2024","3,080","3,080","3,170","3,070","9.10M","0.33%"
"06/05/2024","3,070","3,140","3,160","3,060","16.08M","-1.92%"
"06/04/2024","3,130","3,080","3,200","3,070","20.12M","1.62%"
"06/03/2024","3,080","3,150","3,190","3,070","16.63M","-1.28%"
"05/31/2024","3,120","3,160","3,230","3,120","93.44M","0.32%"
"05/30/2024","3,110","3,000","3,190","2,970","32.05M","3.32%"
"05/29/2024","3,010","3,280","3,280","2,970","28.32M","-8.23%"
"05/28/2024","3,280","3,290","3,390","3,160","29.38M","0.61%"
"05/27/2024","3,260","3,090","3,270","3,090","54.57M","6.54%"
"05/22/2024","3,060","2,910","3,090","2,870","50.45M","5.15%"
"05/21/2024","2,910","2,710","2,910","2,700","44.63M","7.78%"
"05/20/2024","2,700","2,710","2,750","2,680","6.97M","-0.37%"
"05/17/2024","2,710","2,700","2,750","2,700","9.95M","0.37%"
"05/16/2024","2,700","2,680","2,700","2,660","8.08M","0.75%"
"05/15/2024","2,680","2,700","2,710","2,650","7.51M","-0.74%"
"05/14/2024","2,700","2,670","2,710","2,640","10.09M","1.89%"
"05/13/2024","2,650","2,560","2,690","2,560","23.95M","3.52%"
"05/08/2024","2,560","2,540","2,580","2,530","11.51M","0.79%"
"05/07/2024","2,540","2,600","2,600","2,530","8.63M","-2.31%"
"05/06/2024","2,600","2,650","2,650","2,570","4.22M","0.00%"
"05/03/2024","2,600","2,640","2,650","2,570","12.20M","-1.52%"
"05/02/2024","2,640","2,620","2,640","2,570","12.79M","0.76%"
"04/30/2024","2,620","2,590","2,670","2,560","21.07M","1.16%"
"04/29/2024","2,590","2,600","2,610","2,480","20.63M","0.00%"
"04/26/2024","2,590","2,650","2,750","2,590","31.84M","-1.89%"
"04/25/2024","2,640","2,500","2,690","2,500","49.64M","10.46%"
"04/24/2024","2,390","2,350","2,420","2,350","14.64M","2.58%"
"04/23/2024","2,330","2,420","2,430","2,330","13.23M","-3.32%"
"04/22/2024","2,410","2,400","2,430","2,370","6.97M","1.26%"
"04/19/2024","2,380","2,380","2,440","2,330","13.20M","-0.42%"
"04/18/2024","2,390","2,370","2,430","2,370","13.30M","0.84%"
"04/17/2024","2,370","2,540","2,550","2,370","35.91M","-6.69%"
"04/16/2024","2,540","2,600","2,630","2,540","20.69M","-5.22%"
"04/05/2024","2,680","2,710","2,730","2,680","4.69M","-1.11%"
"04/04/2024","2,710","2,690","2,790","2,690","15.09M","0.74%"
"04/03/2024","2,690","2,740","2,740","2,670","10.53M","-1.82%"
"04/02/2024","2,740","2,720","2,740","2,700","7.45M","0.37%"
"04/01/2024","2,730","2,700","2,730","2,630","10.89M","1.11%"
"03/28/2024","2,700","2,730","2,740","2,650","22.41M","-1.10%"
"03/27/2024","2,730","2,730","2,770","2,720","8.17M","-1.44%"
"03/26/2024","2,770","2,760","2,770","2,730","12.14M","0.36%"
"03/25/2024","2,760","2,720","2,760","2,690","9.64M","1.47%"
"03/22/2024","2,720","2,720","2,750","2,670","16.02M","0.00%"
"03/21/2024","2,720","2,760","2,780","2,720","10.19M","-1.45%"
"03/20/2024","2,760","2,760","2,820","2,740","20.53M","0.73%"
"03/19/2024","2,740","2,780","2,790","2,740","7.21M","-1.08%"
"03/18/2024","2,770","2,640","2,800","2,640","31.87M","4.92%"
"03/15/2024","2,640","2,660","2,690","2,620","31.98M","-1.86%"
"03/14/2024","2,690","2,720","2,720","2,660","23.62M","-1.10%"
"03/13/2024","2,720","2,720","2,720","2,660","18.54M","2.26%"
"03/08/2024","2,660","2,730","2,740","2,660","9.29M","-2.56%"
"03/07/2024","2,730","2,700","2,730","2,680","18.96M","1.49%"
"03/06/2024","2,690","2,680","2,720","2,670","8.40M","0.75%"
"03/05/2024","2,670","2,670","2,690","2,640","9.04M","0.00%"
"03/04/2024","2,670","2,730","2,740","2,660","9.76M","-2.20%"
"03/01/2024","2,730","2,710","2,730","2,660","13.02M","0.00%"
"02/29/2024","2,730","2,710","2,730","2,640","33.04M","1.11%"
"02/28/2024","2,700","2,620","2,720","2,610","28.09M","3.05%"
"02/27/2024","2,620","2,590","2,640","2,570","23.07M","1.16%"
"02/26/2024","2,590","2,690","2,690","2,590","32.98M","-3.72%"
"02/23/2024","2,690","2,730","2,740","2,660","14.97M","-1.10%"
"02/22/2024","2,720","2,690","2,740","2,690","14.45M","1.12%"
"02/21/2024","2,690","2,760","2,770","2,650","42.78M","-2.54%"
"02/20/2024","2,760","2,800","2,820","2,760","25.79M","-1.43%"
"02/19/2024","2,800","2,830","2,870","2,800","19.25M","-1.06%"
"02/16/2024","2,830","2,930","2,940","2,830","22.77M","-3.41%"
"02/15/2024","2,930","2,860","2,940","2,830","37.99M","4.64%"
"02/13/2024","2,800","2,920","2,930","2,800","56.55M","-4.11%"
"02/12/2024","2,920","3,170","3,170","2,920","82.25M","-10.70%"
"02/07/2024","3,270","3,250","3,280","3,240","12.54M","0.62%"
"02/06/2024","3,250","3,220","3,270","3,170","14.52M","1.56%"
"02/05/2024","3,200","3,190","3,240","3,180","16.18M","0.95%"
"02/02/2024","3,170","3,100","3,200","3,100","18.04M","2.26%"
"02/01/2024","3,100","3,100","3,130","3,090","12.76M","0.00%"
"01/31/2024","3,100","3,130","3,150","3,100","18.46M","-0.96%"
"01/30/2024","3,130","3,080","3,130","3,010","26.09M","1.62%"
"01/29/2024","3,080","3,160","3,160","3,070","13.85M","-2.53%"
"01/26/2024","3,160","3,160","3,170","3,130","5.35M","0.00%"
"01/25/2024","3,160","3,190","3,200","3,150","11.17M","-1.25%"
"01/24/2024","3,200","3,180","3,220","3,150","8.52M","0.63%"
"01/23/2024","3,180","3,140","3,200","3,130","17.21M","1.92%"
"01/22/2024","3,120","3,220","3,240","3,120","22.07M","-3.70%"
"01/19/2024","3,240","3,300","3,300","3,210","15.82M","-1.82%"
"01/18/2024","3,300","3,330","3,340","3,290","14.86M","-0.60%"
"01/17/2024","3,320","3,440","3,440","3,310","30.69M","-2.64%"
"01/16/2024","3,410","3,430","3,470","3,410","5.86M","-0.58%"
"01/15/2024","3,430","3,470","3,480","3,430","7.95M","-1.15%"
"01/12/2024","3,470","3,430","3,480","3,410","8.75M","1.76%"
"01/11/2024","3,410","3,450","3,450","3,410","3.29M","0.00%"
"01/10/2024","3,410","3,430","3,480","3,410","12.28M","-0.58%"
"01/09/2024","3,430","3,480","3,490","3,420","6.68M","-1.44%"
"01/08/2024","3,480","3,530","3,560","3,470","7.22M","-1.14%"
"01/05/2024","3,520","3,540","3,580","3,520","7.58M","0.00%"
"01/04/2024","3,520","3,530","3,560","3,520","6.94M","-0.28%"
"01/03/2024","3,530","3,550","3,560","3,520","3.25M","-0.56%"
"01/02/2024","3,550","3,530","3,550","3,500","6.00M","0.57%"
"12/29/2023","3,530","3,540","3,550","3,500","6.00M","-0.28%"
"12/28/2023","3,540","3,500","3,570","3,500","12.31M","2.02%"
"12/27/2023","3,470","3,470","3,520","3,450","8.12M","0.00%"
"12/22/2023","3,470","3,470","3,490","3,440","6.67M","0.00%"
"12/21/2023","3,470","3,470","3,480","3,440","4.50M","0.29%"
"12/20/2023","3,460","3,430","3,520","3,420","15.67M","0.87%"
"12/19/2023","3,430","3,410","3,440","3,380","6.94M","0.59%"
"12/18/2023","3,410","3,480","3,480","3,380","10.58M","-2.57%"
"12/15/2023","3,500","3,400","3,500","3,330","24.91M","2.94%"
"12/14/2023","3,400","3,450","3,450","3,400","9.55M","-1.45%"
"12/13/2023","3,450","3,430","3,460","3,400","5.87M","0.58%"
"12/12/2023","3,430","3,500","3,510","3,420","11.41M","-2.00%"
"12/11/2023","3,500","3,500","3,510","3,470","7.70M","-0.28%"
"12/08/2023","3,510","3,570","3,570","3,490","10.27M","-1.68%"
"12/07/2023","3,570","3,510","3,570","3,500","7.25M","1.71%"
"12/06/2023","3,510","3,620","3,630","3,500","16.67M","-3.04%"
"12/05/2023","3,620","3,590","3,620","3,570","14.55M","-0.28%"
"12/04/2023","3,630","3,640","3,670","3,550","17.11M","0.00%"
"12/01/2023","3,630","3,600","3,700","3,590","11.65M","-0.55%"
"11/30/2023","3,650","3,630","3,650","3,570","40.88M","0.55%"
"11/29/2023","3,630","3,600","3,640","3,560","9.79M","0.83%"
"11/28/2023","3,600","3,520","3,640","3,520","13.64M","2.27%"
"11/27/2023","3,520","3,530","3,550","3,500","11.94M","-0.28%"
"11/24/2023","3,530","3,550","3,580","3,520","5.31M","-0.28%"
"11/23/2023","3,540","3,510","3,580","3,500","16.67M","1.14%"
"11/22/2023","3,500","3,480","3,520","3,450","16.97M","0.57%"
"11/21/2023","3,480","3,460","3,490","3,430","11.47M","0.58%"
"11/20/2023","3,460","3,470","3,470","3,420","5.70M","-0.29%"
"11/17/2023","3,470","3,470","3,470","3,420","13.56M","0.29%"
"11/16/2023","3,460","3,440","3,460","3,420","11.95M","0.87%"
"11/15/2023","3,430","3,500","3,530","3,410","30.58M","-1.44%"
"11/14/2023","3,480","3,510","3,520","3,470","13.58M","-1.42%"
"11/13/2023","3,530","3,590","3,590","3,510","9.89M","-1.67%"
"11/10/2023","3,590","3,600","3,600","3,550","4.50M","-0.28%"
"11/09/2023","3,600","3,600","3,600","3,580","4.26M","0.00%"
"11/08/2023","3,600","3,560","3,600","3,560","6.30M","0.84%"
"11/07/2023","3,570","3,620","3,620","3,550","10.36M","-1.38%"
"11/06/2023","3,620","3,550","3,630","3,550","11.11M","1.97%"
"11/03/2023","3,550","3,590","3,610","3,520","17.88M","-1.11%"
"11/02/2023","3,590","3,600","3,670","3,570","20.93M","0.28%"
"11/01/2023","3,580","3,600","3,650","3,550","22.59M","-1.10%"
"10/31/2023","3,620","3,790","3,820","3,620","26.50M","-4.49%"
"10/30/2023","3,790","3,970","3,970","3,720","26.31M","-4.77%"
"10/27/2023","3,980","3,980","4,070","3,950","19.67M","0.00%"
"10/26/2023","3,980","4,050","4,050","3,960","19.25M","-2.45%"
"10/25/2023","4,080","4,000","4,100","4,000","27.55M","2.26%"
"10/24/2023","3,990","3,830","4,000","3,790","29.82M","3.91%"
"10/23/2023","3,840","3,860","3,860","3,760","7.70M","-0.52%"
"10/20/2023","3,860","3,810","3,880","3,730","16.11M","1.31%"
"10/19/2023","3,810","3,800","3,850","3,770","8.88M","-0.26%"
"10/18/2023","3,820","3,830","3,840","3,760","9.69M","-0.26%"
"10/17/2023","3,830","3,650","3,840","3,630","21.60M","4.93%"
"10/16/2023","3,650","3,660","3,670","3,620","5.60M","0.00%"
"10/13/2023","3,650","3,610","3,660","3,610","5.58M","0.55%"
"10/12/2023","3,630","3,620","3,670","3,610","10.45M","0.55%"
"10/11/2023","3,610","3,670","3,710","3,610","12.32M","-1.63%"
"10/10/2023","3,670","3,720","3,750","3,670","5.04M","-1.34%"
"10/09/2023","3,720","3,800","3,800","3,700","8.31M","-2.11%"
"10/06/2023","3,800","3,680","3,840","3,670","23.55M","3.83%"
"10/05/2023","3,660","3,610","3,680","3,580","12.78M","2.23%"
"10/04/2023","3,580","3,590","3,610","3,540","9.90M","-0.28%"
"10/03/2023","3,590","3,700","3,700","3,590","19.59M","-2.97%"
"10/02/2023","3,700","3,740","3,780","3,700","7.92M","-1.07%"
"09/29/2023","3,740","3,770","3,780","3,690","10.78M","-0.80%"
"09/27/2023","3,770","3,820","3,820","3,720","9.96M","-1.31%"
"09/26/2023","3,820","3,800","3,820","3,770","11.44M","0.00%"
"09/25/2023","3,820","3,860","3,890","3,790","10.97M","-0.78%"
"09/22/2023","3,850","3,770","3,890","3,750","24.11M","2.12%"
"09/21/2023","3,770","3,630","3,780","3,580","24.63M","3.86%"
"09/20/2023","3,630","3,580","3,670","3,570","12.09M","1.40%"
"09/19/2023","3,580","3,490","3,630","3,480","12.15M","3.17%"
"09/18/2023","3,470","3,500","3,520","3,460","11.04M","-0.86%"
"09/15/2023","3,500","3,550","3,570","3,500","19.50M","-1.69%"
"09/14/2023","3,560","3,580","3,610","3,560","7.98M","-0.84%"
"09/13/2023","3,590","3,630","3,630","3,570","7.89M","-0.83%"
"09/12/2023","3,620","3,650","3,660","3,610","6.76M","-0.82%"
"09/11/2023","3,650","3,610","3,650","3,580","7.70M","1.11%"
"09/08/2023","3,610","3,630","3,630","3,570","13.78M","-0.55%"
"09/07/2023","3,630","3,660","3,670","3,600","13.67M","-0.55%"
"09/06/2023","3,650","3,620","3,680","3,600","9.88M","0.83%"
"09/05/2023","3,620","3,660","3,670","3,600","13.72M","-1.09%"
"09/04/2023","3,660","3,670","3,690","3,660","4.22M","0.00%"
"09/01/2023","3,660","3,670","3,720","3,630","14.23M","-0.27%"
"08/31/2023","3,670","3,740","3,760","3,670","17.60M","-1.87%"
"08/30/2023","3,740","3,790","3,790","3,740","6.86M","-0.53%"
"08/29/2023","3,760","3,780","3,800","3,760","4.02M","-0.53%"
"08/28/2023","3,780","3,790","3,800","3,760","4.54M","0.53%"
"08/25/2023","3,760","3,720","3,760","3,700","5.64M","1.08%"
"08/24/2023","3,720","3,750","3,760","3,720","6.32M","-0.80%"
"08/23/2023","3,750","3,710","3,780","3,700","9.84M","1.08%"
"08/22/2023","3,710","3,710","3,720","3,700","5.44M","0.00%"
"08/21/2023","3,710","3,700","3,730","3,690","6.14M","0.54%"
"08/18/2023","3,690","3,680","3,720","3,680","10.42M","-1.07%"
"08/16/2023","3,730","3,730","3,730","3,680","9.21M","0.00%"
"08/15/2023","3,730","3,750","3,750","3,690","9.91M","0.00%"
"08/14/2023","3,730","3,700","3,730","3,630","13.59M","0.81%"
"08/11/2023","3,700","3,680","3,720","3,680","7.70M","0.54%"
"08/10/2023","3,680","3,720","3,730","3,680","13.48M","-1.08%"
"08/09/2023","3,720","3,750","3,770","3,720","13.41M","-0.80%"
"08/08/2023","3,750","3,730","3,790","3,730","13.37M","0.81%"
"08/07/2023","3,720","3,740","3,770","3,720","7.68M","-0.53%"
"08/04/2023","3,740","3,780","3,810","3,730","18.18M","-0.80%"
"08/03/2023","3,770","3,690","3,830","3,670","26.35M","2.17%"
"08/02/2023","3,690","3,770","3,800","3,680","28.81M","-2.12%"
"08/01/2023","3,770","3,830","3,850","3,770","20.62M","-2.08%"
"07/31/2023","3,850","3,870","3,890","3,830","19.18M","-0.52%"
"07/28/2023","3,870","3,850","3,900","3,810","20.22M","0.78%"
"07/27/2023","3,840","3,970","4,000","3,840","40.56M","-3.27%"
"07/26/2023","3,970","4,050","4,070","3,950","37.40M","-1.98%"
"07/25/2023","4,050","4,190","4,190","4,020","49.20M","-5.59%"
"07/24/2023","4,290","4,290","4,340","4,270","8.77M","0.00%"
"07/21/2023","4,290","4,220","4,290","4,220","6.02M","1.66%"
"07/20/2023","4,220","4,260","4,270","4,210","8.61M","-1.17%"
"07/18/2023","4,270","4,270","4,300","4,230","6.60M","0.00%"
"07/17/2023","4,270","4,260","4,290","4,250","9.59M","0.47%"
"07/14/2023","4,250","4,250","4,290","4,230","10.57M","0.00%"
"07/13/2023","4,250","4,220","4,250","4,210","6.04M","0.95%"
"07/12/2023","4,210","4,250","4,260","4,200","16.64M","-0.94%"
"07/11/2023","4,250","4,260","4,280","4,240","4.79M","0.00%"
"07/10/2023","4,250","4,240","4,320","4,240","7.75M","0.24%"
"07/07/2023","4,240","4,230","4,240","4,210","6.16M","-0.24%"
"07/06/2023","4,250","4,260","4,290","4,220","12.60M","-1.39%"
"07/05/2023","4,310","4,330","4,330","4,280","6.31M","-0.46%"
"07/04/2023","4,330","4,320","4,340","4,300","3.65M","0.46%"
"07/03/2023","4,310","4,250","4,310","4,210","11.06M","1.17%"
"06/27/2023","4,260","4,230","4,280","4,230","10.54M","0.71%"
"06/26/2023","4,230","4,270","4,270","4,230","6.55M","-0.94%"
"06/23/2023","4,270","4,250","4,290","4,210","7.70M","0.47%"
"06/22/2023","4,250","4,370","4,370","4,250","15.97M","-2.52%"
"06/21/2023","4,360","4,300","4,370","4,300","11.13M","1.40%"
"06/20/2023","4,300","4,380","4,390","4,300","14.41M","-1.83%"
"06/19/2023","4,380","4,390","4,420","4,320","10.33M","-0.23%"
"06/16/2023","4,390","4,500","4,500","4,390","17.78M","-2.88%"
"06/15/2023","4,520","4,440","4,520","4,410","10.37M","1.80%"
"06/14/2023","4,440","4,500","4,510","4,410","13.11M","-1.55%"
"06/13/2023","4,510","4,610","4,630","4,480","19.17M","-2.17%"
"06/12/2023","4,610","4,590","4,610","4,560","8.17M","1.32%"
"06/09/2023","4,550","4,580","4,600","4,540","11.40M","-1.09%"
"06/08/2023","4,600","4,570","4,630","4,540","15.74M","0.66%"
"06/07/2023","4,570","4,470","4,570","4,460","25.20M","2.47%"
"06/06/2023","4,460","4,500","4,510","4,440","6.40M","-0.89%"
"06/05/2023","4,500","4,530","4,550","4,460","14.14M","-0.66%"
"05/31/2023","4,530","4,540","4,580","4,500","122.23M","-0.22%"
"05/30/2023","4,540","4,550","4,600","4,510","15.48M","-0.22%"
"05/29/2023","4,550","4,400","4,550","4,380","26.64M","3.88%"
"05/26/2023","4,380","4,410","4,430","4,380","8.75M","-0.68%"
"05/25/2023","4,410","4,410","4,450","4,370","14.54M","0.00%"
"05/24/2023","4,410","4,450","4,450","4,390","10.23M","-0.90%"
"05/23/2023","4,450","4,420","4,480","4,420","12.35M","0.68%"
"05/22/2023","4,420","4,430","4,480","4,390","11.02M","-0.23%"
"05/19/2023","4,430","4,460","4,500","4,430","7.88M","-0.67%"
"05/17/2023","4,460","4,500","4,510","4,420","8.56M","-1.11%"
"05/16/2023","4,510","4,500","4,510","4,460","7.17M","0.22%"
"05/15/2023","4,500","4,450","4,530","4,400","17.45M","2.27%"
"05/12/2023","4,400","4,430","4,430","4,370","5.19M","-0.68%"
"05/11/2023","4,430","4,500","4,500","4,370","10.65M","-1.56%"
"05/10/2023","4,500","4,420","4,500","4,400","12.47M","2.51%"
"05/09/2023","4,390","4,470","4,470","4,360","13.27M","-1.79%"
"05/08/2023","4,470","4,480","4,490","4,430","8.31M","-0.45%"
"05/05/2023","4,490","4,450","4,490","4,390","16.88M","0.90%"
"05/04/2023","4,450","4,400","4,480","4,400","13.04M","1.14%"
"05/03/2023","4,400","4,400","4,420","4,350","16.33M","0.00%"
"05/02/2023","4,400","4,400","4,410","4,280","15.55M","0.00%"
"04/28/2023","4,400","4,400","4,440","4,360","14.42M","0.00%"
"04/27/2023","4,400","4,150","4,470","4,150","67.86M","7.32%"
"04/26/2023","4,100","4,090","4,100","3,960","32.56M","0.24%"
"04/18/2023","4,090","4,130","4,150","4,090","8.49M","-0.97%"
"04/17/2023","4,130","4,160","4,180","4,090","11.18M","-0.48%"
"04/14/2023","4,150","4,120","4,220","4,120","18.20M","1.22%"
"04/13/2023","4,100","4,160","4,180","4,100","17.31M","-2.15%"
"04/12/2023","4,190","4,210","4,220","4,180","9.42M","-0.24%"
"04/11/2023","4,200","4,290","4,290","4,200","8.80M","-2.10%"
"04/10/2023","4,290","4,250","4,290","4,230","3.68M","0.94%"
"04/06/2023","4,250","4,250","4,290","4,230","5.19M","0.00%"
"04/05/2023","4,250","4,290","4,320","4,250","7.78M","-0.93%"
"04/04/2023","4,290","4,280","4,290","4,220","10.34M","0.00%"
"04/03/2023","4,290","4,350","4,350","4,250","8.14M","-1.38%"
"03/31/2023","4,350","4,270","4,360","4,260","10.61M","2.11%"
"03/30/2023","4,260","4,360","4,370","4,260","5.42M","-2.29%"
"03/29/2023","4,360","4,300","4,370","4,300","9.21M","1.40%"
"03/28/2023","4,300","4,290","4,320","4,280","4.81M","0.23%"
"03/27/2023","4,290","4,270","4,290","4,230","6.20M","0.47%"
"03/24/2023","4,270","4,370","4,370","4,240","20.72M","1.67%"
"03/21/2023","4,200","4,160","4,200","4,150","5.27M","0.96%"
"03/20/2023","4,160","4,160","4,170","4,100","3.71M","0.00%"
"03/17/2023","4,160","4,070","4,170","4,070","16.62M","2.21%"
"03/16/2023","4,070","4,100","4,120","4,040","8.06M","-0.73%"
"03/15/2023","4,100","4,210","4,230","4,100","10.28M","-2.61%"
"03/14/2023","4,210","4,140","4,240","4,130","20.39M","1.20%"
"03/13/2023","4,160","4,090","4,180","4,080","10.11M","1.22%"
"03/10/2023","4,110","4,100","4,140","4,080","6.41M","0.24%"
"03/09/2023","4,100","4,100","4,140","4,080","12.78M","0.00%"
"03/08/2023","4,100","4,080","4,120","4,060","8.07M","0.49%"
"03/07/2023","4,080","4,160","4,160","4,080","17.12M","-2.16%"
"03/06/2023","4,170","4,080","4,190","4,070","18.91M","2.71%"
"03/03/2023","4,060","4,150","4,170","4,050","25.48M","-2.17%"
"03/02/2023","4,150","4,160","4,220","4,150","18.61M","0.00%"
"03/01/2023","4,150","4,170","4,200","4,110","20.34M","-0.72%"
"02/28/2023","4,180","4,300","4,320","4,180","56.17M","-2.79%"
"02/27/2023","4,300","4,350","4,350","4,210","23.94M","-1.15%"
"02/24/2023","4,350","4,400","4,440","4,350","15.57M","-1.14%"
"02/23/2023","4,400","4,490","4,490","4,400","12.22M","-1.79%"
"02/22/2023","4,480","4,490","4,490","4,380","18.93M","-0.44%"
"02/21/2023","4,500","4,540","4,540","4,500","9.34M","-0.88%"
"02/20/2023","4,540","4,520","4,560","4,500","6.72M","0.67%"
"02/17/2023","4,510","4,520","4,530","4,480","12.44M","-0.22%"
"02/16/2023","4,520","4,550","4,560","4,510","7.73M","-0.66%"
"02/15/2023","4,550","4,560","4,560","4,500","14.88M","-0.22%"
"02/14/2023","4,560","4,520","4,570","4,520","14.13M","0.88%"
"02/13/2023","4,520","4,580","4,580","4,490","27.60M","-1.31%"
"02/10/2023","4,580","4,770","4,770","4,580","80.98M","-6.91%"
"02/09/2023","4,920","5,025","5,050","4,920","18.74M","-2.09%"
"02/08/2023","5,025","4,860","5,025","4,810","28.38M","3.40%"
"02/07/2023","4,860","4,730","4,890","4,720","19.13M","2.75%"
"02/06/2023","4,730","4,690","4,730","4,660","5.96M","0.85%"
"02/03/2023","4,690","4,740","4,740","4,680","8.99M","-0.85%"
"02/02/2023","4,730","4,630","4,740","4,630","19.33M","2.16%"
"02/01/2023","4,630","4,630","4,680","4,620","14.21M","-0.64%"
"01/31/2023","4,660","4,760","4,760","4,660","20.69M","-2.10%"
"01/30/2023","4,760","4,750","4,780","4,710","12.56M","0.21%"
"01/27/2023","4,750","4,800","4,820","4,750","10.66M","-1.04%"
"01/26/2023","4,800","4,850","4,870","4,760","10.43M","-1.03%"
"01/25/2023","4,850","4,830","4,860","4,810","5.24M","0.41%"
"01/24/2023","4,830","4,810","4,850","4,790","9.01M","0.42%"
"01/20/2023","4,810","4,800","4,830","4,760","5.57M","0.21%"
"01/19/2023","4,800","4,800","4,830","4,770","6.58M","0.00%"
"01/18/2023","4,800","4,760","4,800","4,720","5.98M","0.84%"
"01/17/2023","4,760","4,770","4,800","4,720","12.33M","-0.21%"
"01/16/2023","4,770","4,790","4,800","4,750","5.60M","-0.42%"
"01/13/2023","4,790","4,750","4,790","4,720","7.56M","0.63%"
"01/12/2023","4,760","4,700","4,760","4,660","8.90M","1.28%"
"01/11/2023","4,700","4,680","4,700","4,640","8.37M","0.21%"
"01/10/2023","4,690","4,760","4,770","4,660","11.45M","-1.47%"
"01/09/2023","4,760","4,760","4,770","4,690","7.93M","0.00%"
"01/06/2023","4,760","4,720","4,760","4,670","8.39M","0.63%"
"01/05/2023","4,730","4,650","4,730","4,600","12.52M","1.94%"
"01/04/2023","4,640","4,610","4,690","4,610","6.74M","0.87%"
"01/03/2023","4,600","4,600","4,650","4,570","10.73M","-0.43%"
"01/02/2023","4,620","4,700","4,700","4,610","4.68M","-1.70%"
"12/30/2022","4,700","4,780","4,780","4,700","13.03M","-1.26%"
"12/29/2022","4,760","4,740","4,760","4,700","6.83M","-0.21%"
"12/28/2022","4,770","4,810","4,820","4,710","9.24M","-0.83%"
"12/27/2022","4,810","4,760","4,810","4,740","7.41M","1.26%"
"12/26/2022","4,750","4,820","4,820","4,740","4.18M","-1.45%"
"12/23/2022","4,820","4,830","4,830","4,760","5.70M","-0.41%"
"12/22/2022","4,840","4,780","4,840","4,770","8.34M","1.26%"
"12/21/2022","4,780","4,770","4,790","4,740","5.98M","0.21%"
"12/20/2022","4,770","4,730","4,770","4,700","5.49M","0.85%"
"12/19/2022","4,730","4,830","4,830","4,730","14.70M","-2.87%"
"12/16/2022","4,870","4,690","4,870","4,660","15.94M","3.62%"
"12/15/2022","4,700","4,720","4,720","4,640","8.69M","-0.42%"
"12/14/2022","4,720","4,720","4,720","4,670","7.42M","0.00%"
"12/13/2022","4,720","4,700","4,720","4,630","10.34M","0.64%"
"12/12/2022","4,690","4,620","4,690","4,580","9.79M","1.52%"
"12/09/2022","4,620","4,660","4,660","4,600","11.53M","-0.86%"
"12/08/2022","4,660","4,670","4,690","4,560","18.76M","-0.85%"
"12/07/2022","4,700","4,740","4,740","4,670","16.80M","-0.84%"
"12/06/2022","4,740","4,740","4,750","4,670","12.81M","0.00%"
"12/05/2022","4,740","4,710","4,800","4,700","11.21M","0.64%"
"12/02/2022","4,710","4,710","4,710","4,660","6.92M","0.00%"
"12/01/2022","4,710","4,800","4,800","4,670","15.11M","-1.88%"
"11/30/2022","4,800","4,660","4,800","4,620","53.07M","2.13%"
"11/29/2022","4,700","4,710","4,710","4,660","19.14M","-0.21%"
"11/28/2022","4,710","4,600","4,730","4,560","33.18M","2.39%"
"11/25/2022","4,600","4,570","4,600","4,530","9.14M","0.88%"
"11/24/2022","4,560","4,550","4,600","4,550","6.44M","0.22%"
"11/23/2022","4,550","4,580","4,590","4,550","9.02M","-0.22%"
"11/22/2022","4,560","4,570","4,620","4,560","18.96M","0.22%"
"11/21/2022","4,550","4,630","4,630","4,550","16.53M","-1.94%"
"11/18/2022","4,640","4,590","4,660","4,560","17.09M","1.09%"
"11/17/2022","4,590","4,600","4,610","4,560","12.15M","-0.43%"
"11/16/2022","4,610","4,610","4,610","4,550","8.94M","0.00%"
"11/15/2022","4,610","4,590","4,610","4,540","9.77M","0.44%"
"11/14/2022","4,590","4,540","4,600","4,530","12.09M","1.10%"
"11/11/2022","4,540","4,610","4,610","4,520","16.74M","-0.44%"
"11/10/2022","4,560","4,530","4,580","4,500","8.83M","0.44%"
"11/09/2022","4,540","4,630","4,630","4,520","21.48M","-1.94%"
"11/08/2022","4,630","4,640","4,650","4,600","15.50M","0.22%"
"11/07/2022","4,620","4,540","4,620","4,500","18.94M","1.76%"
"11/04/2022","4,540","4,530","4,550","4,470","18.63M","0.67%"
"11/03/2022","4,510","4,510","4,560","4,500","14.24M","0.22%"
"11/02/2022","4,500","4,530","4,590","4,460","34.75M","-0.66%"
"11/01/2022","4,530","4,590","4,690","4,500","85.79M","-2.37%"
"10/31/2022","4,640","4,650","4,740","4,640","81.29M","-6.83%"
"10/28/2022","4,980","5,050","5,075","4,980","32.05M","-6.92%"
"10/27/2022","5,350","5,400","5,450","5,275","22.17M","-0.93%"
"10/26/2022","5,400","5,250","5,400","5,175","27.02M","2.37%"
"10/25/2022","5,275","5,325","5,375","5,200","17.10M","-0.94%"
"10/24/2022","5,325","5,275","5,475","5,250","27.35M","0.47%"
"10/21/2022","5,300","5,400","5,400","5,250","18.23M","-1.85%"
"10/20/2022","5,400","5,350","5,450","5,225","51.71M","0.93%"
"10/19/2022","5,350","4,930","5,375","4,930","82.47M","9.18%"
"10/18/2022","4,900","4,850","4,900","4,810","18.80M","1.45%"
"10/17/2022","4,830","4,850","4,850","4,800","11.65M","0.42%"
"10/14/2022","4,810","4,840","4,860","4,770","10.14M","-0.62%"
"10/13/2022","4,840","4,790","4,840","4,770","12.50M","1.04%"
"10/12/2022","4,790","4,730","4,790","4,660","11.19M","1.27%"
"10/11/2022","4,730","4,780","4,780","4,730","10.78M","-1.46%"
"10/10/2022","4,800","4,840","4,840","4,700","8.70M","-0.83%"
"10/07/2022","4,840","4,900","4,910","4,760","14.44M","-1.22%"
"10/06/2022","4,900","4,860","4,900","4,840","17.34M","1.45%"
"10/05/2022","4,830","4,900","4,900","4,830","13.57M","-0.82%"
"10/04/2022","4,870","4,880","4,900","4,850","12.97M","0.41%"
"10/03/2022","4,850","4,830","4,870","4,820","14.75M","0.41%"
"09/30/2022","4,830","4,840","4,850","4,710","23.11M","-0.41%"
"09/29/2022","4,850","4,800","4,870","4,790","18.11M","0.83%"
"09/28/2022","4,810","4,800","4,840","4,780","16.85M","0.21%"
"09/27/2022","4,800","4,800","4,810","4,770","10.29M","0.21%"
"09/26/2022","4,790","4,810","4,830","4,750","17.73M","-0.42%"
"09/23/2022","4,810","4,810","4,820","4,770","11.89M","0.00%"
"09/22/2022","4,810","4,810","4,810","4,740","14.41M","0.00%"
"09/21/2022","4,810","4,730","4,840","4,730","33.96M","1.69%"
"09/20/2022","4,730","4,630","4,730","4,620","25.97M","2.83%"
"09/19/2022","4,600","4,630","4,630","4,510","9.79M","-0.65%"
"09/16/2022","4,630","4,640","4,640","4,610","21.23M","0.65%"
"09/15/2022","4,600","4,640","4,660","4,580","16.88M","-0.65%"
"09/14/2022","4,630","4,640","4,640","4,600","10.05M","-0.86%"
"09/13/2022","4,670","4,570","4,670","4,560","22.93M","2.64%"
"09/12/2022","4,550","4,510","4,560","4,510","7.68M","1.11%"
"09/09/2022","4,500","4,520","4,570","4,500","10.00M","-0.44%"
"09/08/2022","4,520","4,590","4,610","4,520","13.66M","-1.53%"
"09/07/2022","4,590","4,510","4,590","4,490","24.75M","1.77%"
"09/06/2022","4,510","4,530","4,540","4,450","23.76M","-0.44%"
"09/05/2022","4,530","4,550","4,570","4,510","13.21M","-0.44%"
"09/02/2022","4,550","4,540","4,600","4,540","10.50M","0.22%"
"09/01/2022","4,540","4,590","4,610","4,540","13.16M","-1.09%"
"08/31/2022","4,590","4,580","4,620","4,530","38.27M","0.22%"
"08/30/2022","4,580","4,590","4,630","4,580","20.83M","0.00%"
"08/29/2022","4,580","4,560","4,600","4,510","24.35M","-0.65%"
"08/26/2022","4,610","4,850","4,850","4,610","44.80M","-4.75%"
"08/25/2022","4,840","4,850","4,870","4,800","10.18M","-0.21%"
"08/24/2022","4,850","4,820","4,880","4,800","14.30M","0.83%"
"08/23/2022","4,810","4,800","4,830","4,760","18.46M","1.26%"
"08/22/2022","4,750","4,750","4,800","4,730","14.21M","0.42%"
"08/19/2022","4,730","4,810","4,830","4,730","13.16M","-1.25%"
"08/18/2022","4,790","4,800","4,810","4,730","14.62M","0.42%"
"08/16/2022","4,770","4,780","4,810","4,710","11.49M","0.21%"
"08/15/2022","4,760","4,770","4,780","4,710","14.08M","-0.21%"
"08/12/2022","4,770","4,750","4,850","4,750","20.61M","0.42%"
"08/11/2022","4,750","4,790","4,800","4,740","17.60M","-0.63%"
"08/10/2022","4,780","4,720","4,780","4,660","21.24M","1.27%"
"08/09/2022","4,720","4,800","4,800","4,720","14.90M","-1.46%"
"08/08/2022","4,790","4,740","4,800","4,730","20.76M","1.48%"
"08/05/2022","4,720","4,650","4,740","4,620","32.17M","2.61%"
"08/04/2022","4,600","4,590","4,610","4,530","18.72M","0.22%"
"08/03/2022","4,590","4,600","4,600","4,550","14.25M","-0.22%"
"08/02/2022","4,600","4,550","4,610","4,530","22.77M","1.10%"
"08/01/2022","4,550","4,530","4,650","4,510","28.25M","0.89%"
"07/29/2022","4,510","4,520","4,560","4,480","55.53M","0.00%"
"07/28/2022","4,510","4,720","4,770","4,500","82.75M","-4.45%"
"07/27/2022","4,720","4,950","5,025","4,710","49.44M","-4.26%"
"07/26/2022","4,930","4,930","4,950","4,900","8.24M","0.00%"
"07/25/2022","4,930","4,980","4,980","4,920","9.19M","-1.40%"
"07/22/2022","5,000","5,000","5,000","4,940","14.58M","0.00%"
"07/21/2022","5,000","4,970","5,000","4,890","13.83M","0.60%"
"07/20/2022","4,970","4,990","5,100","4,950","37.84M","0.00%"
"07/19/2022","4,970","4,970","4,990","4,890","16.54M","-0.20%"
"07/18/2022","4,980","4,870","4,980","4,830","10.75M","3.11%"
"07/15/2022","4,830","4,900","4,930","4,820","13.12M","-1.43%"
"07/14/2022","4,900","4,900","4,900","4,800","17.03M","0.00%"
"07/13/2022","4,900","4,900","4,920","4,820","13.09M","0.41%"
"07/12/2022","4,880","4,800","4,880","4,770","15.68M","1.67%"
"07/11/2022","4,800","4,900","4,910","4,750","20.53M","-1.84%"
"07/08/2022","4,890","5,025","5,025","4,810","26.42M","-2.20%"
"07/07/2022","5,000","4,820","5,025","4,800","37.54M","4.60%"
"07/06/2022","4,780","4,740","4,830","4,710","12.19M","0.42%"
"07/05/2022","4,760","4,700","4,780","4,680","14.99M","1.28%"
"07/04/2022","4,700","4,800","4,820","4,550","22.09M","-2.69%"
"07/01/2022","4,830","4,750","4,860","4,690","19.35M","1.26%"
"06/30/2022","4,770","4,950","4,980","4,750","32.84M","-3.44%"
"06/29/2022","4,940","5,000","5,050","4,910","17.04M","-2.18%"
"06/28/2022","5,050","4,980","5,075","4,960","23.79M","1.41%"
"06/27/2022","4,980","4,990","5,000","4,900","19.62M","-0.20%"
"06/24/2022","4,990","4,930","4,990","4,870","22.54M","0.60%"
"06/23/2022","4,960","4,900","5,000","4,860","33.62M","1.43%"
"06/22/2022","4,890","5,050","5,050","4,860","25.75M","-3.17%"
"06/21/2022","5,050","5,050","5,100","4,950","38.36M","0.50%"
"06/20/2022","5,025","4,680","5,025","4,660","64.62M","8.06%"
"06/17/2022","4,650","4,760","4,800","4,650","35.64M","-3.13%"
"06/16/2022","4,800","4,850","4,850","4,730","19.89M","0.00%"
"06/15/2022","4,800","4,750","4,810","4,690","24.16M","1.27%"
"06/14/2022","4,740","4,640","4,740","4,610","22.50M","1.07%"
"06/13/2022","4,690","4,690","4,700","4,600","28.95M","-1.26%"
"06/10/2022","4,750","4,780","4,790","4,720","20.08M","-1.45%"
"06/09/2022","4,820","4,900","4,930","4,760","32.24M","-1.43%"
"06/08/2022","4,890","4,740","4,970","4,730","56.20M","3.38%"
"06/07/2022","4,730","4,770","4,780","4,720","19.56M","-0.84%"
"06/06/2022","4,770","4,720","4,780","4,700","16.17M","1.06%"
"06/03/2022","4,720","4,810","4,810","4,720","25.52M","-1.46%"
"06/02/2022","4,790","4,760","4,890","4,710","56.09M","1.27%"
"05/31/2022","4,730","4,680","4,820","4,630","93.94M","1.72%"
"05/30/2022","4,650","4,760","4,760","4,620","49.61M","-2.31%"
"05/27/2022","4,760","4,800","4,840","4,710","31.89M","-0.21%"
"05/25/2022","4,770","4,860","4,900","4,730","38.99M","-0.83%"
"05/24/2022","4,810","4,920","4,950","4,700","39.46M","-1.43%"
"05/23/2022","4,880","5,050","5,075","4,850","37.18M","-3.37%"
"05/20/2022","5,050","4,870","5,125","4,860","58.52M","3.48%"
"05/19/2022","4,880","4,960","5,000","4,850","56.27M","-2.89%"
"05/18/2022","5,025","4,820","5,075","4,810","88.53M","4.69%"
"05/17/2022","4,800","4,810","4,900","4,660","43.84M","0.00%"
"05/13/2022","4,800","4,690","4,900","4,660","79.20M","2.35%"
"05/12/2022","4,690","4,920","4,940","4,580","118.62M","-3.89%"
"05/11/2022","4,880","4,400","4,940","4,380","197.75M","11.42%"
"05/10/2022","4,380","4,010","4,400","3,990","172.56M","9.23%"
"05/09/2022","4,010","4,000","4,140","3,890","103.95M","3.08%"
"04/28/2022","3,890","3,830","3,920","3,770","33.89M","2.10%"
"04/27/2022","3,810","3,890","3,900","3,770","36.44M","-2.06%"
"04/26/2022","3,890","3,720","3,930","3,690","96.74M","5.42%"
"04/25/2022","3,690","3,420","3,720","3,400","53.26M","7.58%"
"04/22/2022","3,430","3,400","3,440","3,370","16.24M","0.88%"
"04/21/2022","3,400","3,470","3,500","3,400","19.19M","-2.02%"
"04/20/2022","3,470","3,390","3,510","3,370","29.87M","3.58%"
"04/19/2022","3,350","3,390","3,410","3,350","13.02M","-1.18%"
"04/18/2022","3,390","3,400","3,440","3,370","10.01M","-0.29%"
"04/14/2022","3,400","3,430","3,460","3,400","9.59M","-1.16%"
"04/13/2022","3,440","3,520","3,520","3,410","20.85M","-2.27%"
"04/12/2022","3,520","3,460","3,520","3,410","17.82M","1.73%"
"04/11/2022","3,460","3,570","3,570","3,450","27.78M","-2.26%"
"04/08/2022","3,540","3,590","3,600","3,520","14.06M","-0.84%"
"04/07/2022","3,570","3,600","3,640","3,550","18.08M","-0.83%"
"04/06/2022","3,600","3,680","3,680","3,560","25.19M","-2.17%"
"04/05/2022","3,680","3,570","3,690","3,570","30.82M","3.08%"
"04/04/2022","3,570","3,630","3,660","3,540","36.82M","-1.38%"
"04/01/2022","3,620","3,660","3,690","3,600","26.74M","-1.09%"
"03/31/2022","3,660","3,730","3,760","3,650","47.42M","-1.61%"
"03/30/2022","3,720","3,500","3,740","3,500","91.29M","6.90%"
"03/29/2022","3,480","3,480","3,560","3,480","41.39M","0.58%"
"03/28/2022","3,460","3,400","3,490","3,370","23.75M","1.76%"
"03/25/2022","3,400","3,390","3,420","3,380","14.15M","0.59%"
"03/24/2022","3,380","3,400","3,420","3,360","24.62M","-0.88%"
"03/23/2022","3,410","3,500","3,510","3,410","16.46M","-2.29%"
"03/22/2022","3,490","3,460","3,500","3,440","24.20M","0.87%"
"03/21/2022","3,460","3,360","3,470","3,330","29.78M","2.98%"
"03/18/2022","3,360","3,430","3,440","3,340","23.33M","-1.75%"
"03/17/2022","3,420","3,490","3,520","3,380","33.99M","-0.87%"
"03/16/2022","3,450","3,290","3,540","3,280","66.87M","5.18%"
"03/15/2022","3,280","3,400","3,440","3,280","35.62M","-2.96%"
"03/14/2022","3,380","3,380","3,410","3,370","20.87M","0.30%"
"03/11/2022","3,370","3,420","3,420","3,370","19.26M","-1.75%"
"03/10/2022","3,430","3,450","3,460","3,370","19.29M","0.88%"
"03/09/2022","3,400","3,370","3,450","3,370","24.07M","1.19%"
"03/08/2022","3,360","3,420","3,520","3,360","35.45M","-2.04%"
"03/07/2022","3,430","3,500","3,510","3,400","41.98M","-2.56%"
"03/04/2022","3,520","3,660","3,670","3,520","42.36M","-3.83%"
"03/02/2022","3,660","3,680","3,810","3,650","37.31M","-0.54%"
"03/01/2022","3,680","3,690","3,730","3,670","21.31M","0.00%"
"02/25/2022","3,680","3,700","3,750","3,680","39.74M","-0.27%"
"02/24/2022","3,690","3,810","3,840","3,670","51.51M","-3.40%"
"02/23/2022","3,820","3,810","3,860","3,800","21.56M","0.26%"
"02/22/2022","3,810","3,850","3,870","3,800","28.24M","-1.04%"
"02/21/2022","3,850","3,850","3,900","3,850","12.79M","0.00%"
"02/18/2022","3,850","3,840","3,900","3,840","27.43M","0.52%"
"02/17/2022","3,830","3,880","3,910","3,820","28.29M","-1.03%"
"02/16/2022","3,870","3,880","3,920","3,870","22.72M","0.00%"
"02/15/2022","3,870","3,860","3,880","3,850","16.34M","0.52%"
"02/14/2022","3,850","3,900","3,910","3,850","27.72M","-1.28%"
"02/11/2022","3,900","3,950","3,960","3,880","38.09M","-2.01%"
"02/10/2022","3,980","3,960","4,040","3,960","21.58M","0.51%"
"02/09/2022","3,960","4,000","4,020","3,960","20.21M","-1.00%"
"02/08/2022","4,000","4,000","4,080","4,000","19.02M","0.00%"
"02/07/2022","4,000","4,020","4,050","4,000","14.55M","-0.50%"
"02/04/2022","4,020","4,020","4,040","3,990","14.49M","0.25%"
"02/03/2022","4,010","4,050","4,050","4,000","8.46M","-0.99%"
"02/02/2022","4,050","4,030","4,060","4,010","8.37M","0.50%"
"01/31/2022","4,030","4,060","4,080","4,000","19.20M","-0.49%"
"01/28/2022","4,050","4,060","4,090","4,030","10.46M","-0.25%"
"01/27/2022","4,060","4,120","4,120","4,050","6.28M","-1.69%"
"01/26/2022","4,130","4,060","4,130","4,050","11.48M","1.72%"
"01/25/2022","4,060","4,100","4,110","4,010","17.16M","-0.49%"
"01/24/2022","4,080","4,130","4,140","4,080","9.76M","-1.69%"
"01/21/2022","4,150","4,090","4,150","4,080","15.21M","1.22%"
"01/20/2022","4,100","4,100","4,120","4,070","9.26M","0.00%"
"01/19/2022","4,100","4,110","4,110","4,080","7.66M","-0.24%"
"01/18/2022","4,110","4,160","4,230","4,070","27.04M","-0.96%"
"01/17/2022","4,150","4,240","4,240","4,140","20.04M","-1.66%"
"01/14/2022","4,220","4,280","4,280","4,210","11.92M","-1.17%"
"01/13/2022","4,270","4,330","4,340","4,240","13.81M","-1.39%"
"01/12/2022","4,330","4,200","4,340","4,180","29.77M","3.59%"
"01/11/2022","4,180","4,260","4,270","4,150","17.85M","-1.65%"
"01/10/2022","4,250","4,220","4,290","4,200","12.81M","0.71%"
"01/07/2022","4,220","4,230","4,240","4,200","7.22M","-0.24%"
"01/06/2022","4,230","4,210","4,240","4,180","7.59M","0.48%"
"01/05/2022","4,210","4,260","4,270","4,180","9.70M","-0.94%"
"01/04/2022","4,250","4,250","4,310","4,230","13.28M","0.47%"
"01/03/2022","4,230","4,120","4,340","4,120","24.42M","2.92%"
"12/30/2021","4,110","4,130","4,170","4,110","7.63M","-0.24%"
"12/29/2021","4,120","4,180","4,190","4,120","9.03M","-1.44%"
"12/28/2021","4,180","4,210","4,230","4,180","7.01M","-0.71%"
"12/27/2021","4,210","4,200","4,230","4,170","7.24M","0.24%"
"12/24/2021","4,200","4,090","4,210","4,080","11.98M","2.94%"
"12/23/2021","4,080","4,060","4,120","4,060","7.86M","0.49%"
"12/22/2021","4,060","4,100","4,130","4,050","10.19M","-0.49%"
"12/21/2021","4,080","4,150","4,180","4,080","15.69M","-1.45%"
"12/20/2021","4,140","4,150","4,160","4,120","12.06M","-0.24%"
"12/17/2021","4,150","4,180","4,240","4,150","18.95M","-1.43%"
"12/16/2021","4,210","4,290","4,320","4,200","13.52M","-1.41%"
"12/15/2021","4,270","4,290","4,370","4,260","11.31M","-0.47%"
"12/14/2021","4,290","4,350","4,360","4,280","13.49M","-2.05%"
"12/13/2021","4,380","4,400","4,430","4,380","13.02M","-1.13%"
"12/10/2021","4,430","4,370","4,430","4,310","14.29M","1.37%"
"12/09/2021","4,370","4,300","4,370","4,270","10.36M","2.34%"
"12/08/2021","4,270","4,300","4,350","4,270","10.99M","0.00%"
"12/07/2021","4,270","4,240","4,300","4,230","16.92M","1.67%"
"12/06/2021","4,200","4,230","4,250","4,160","16.43M","-0.47%"
"12/03/2021","4,220","4,300","4,340","4,200","31.10M","-1.63%"
"12/02/2021","4,290","4,310","4,340","4,220","34.86M","-0.46%"
"12/01/2021","4,310","4,480","4,550","4,300","40.63M","-3.79%"
"11/30/2021","4,480","4,600","4,650","4,460","66.59M","-3.24%"
"11/29/2021","4,630","4,700","4,700","4,570","24.00M","-1.70%"
"11/26/2021","4,710","4,810","4,830","4,670","22.84M","-2.28%"
"11/25/2021","4,820","4,840","4,860","4,800","13.33M","-0.41%"
"11/24/2021","4,840","4,870","4,870","4,810","18.24M","-0.82%"
"11/23/2021","4,880","4,840","4,890","4,760","33.07M","0.83%"
"11/22/2021","4,840","4,660","4,840","4,620","38.50M","3.86%"
"11/19/2021","4,660","4,500","4,670","4,500","39.75M","4.02%"
"11/18/2021","4,480","4,480","4,540","4,460","15.52M","-0.44%"
"11/17/2021","4,500","4,570","4,580","4,500","15.35M","-1.53%"
"11/16/2021","4,570","4,510","4,570","4,460","12.70M","1.33%"
"11/15/2021","4,510","4,630","4,630","4,510","14.54M","-1.96%"
"11/12/2021","4,600","4,690","4,740","4,580","30.65M","-1.29%"
"11/11/2021","4,660","4,410","4,690","4,390","63.05M","6.64%"
"11/10/2021","4,370","4,420","4,430","4,360","15.59M","-1.35%"
"11/09/2021","4,430","4,460","4,470","4,380","23.03M","-0.67%"
"11/08/2021","4,460","4,450","4,470","4,430","12.60M","0.68%"
"11/05/2021","4,430","4,460","4,480","4,400","15.95M","-0.45%"
"11/04/2021","4,450","4,460","4,530","4,450","19.61M","0.00%"
"11/03/2021","4,450","4,490","4,510","4,440","20.17M","-0.45%"
"11/02/2021","4,470","4,450","4,470","4,360","23.58M","1.13%"
"11/01/2021","4,420","4,500","4,550","4,410","37.92M","0.00%"
"10/29/2021","4,420","4,460","4,550","4,400","43.14M","-0.45%"
"10/28/2021","4,440","4,530","4,610","4,410","48.61M","-2.20%"
"10/27/2021","4,540","4,650","4,690","4,520","39.66M","-2.16%"
"10/26/2021","4,640","4,580","4,740","4,570","40.62M","1.31%"
"10/25/2021","4,580","4,850","4,850","4,580","76.20M","-5.57%"
"10/22/2021","4,850","4,950","4,950","4,810","49.60M","-3.00%"
"10/21/2021","5,000","5,150","5,150","4,940","49.45M","-2.44%"
"10/19/2021","5,125","5,100","5,150","5,050","26.02M","0.49%"
"10/18/2021","5,100","5,225","5,275","5,100","46.48M","-2.39%"
"10/15/2021","5,225","5,325","5,400","5,125","76.89M","-1.88%"
"10/14/2021","5,325","5,250","5,400","5,150","86.89M","1.43%"
"10/13/2021","5,250","4,950","5,275","4,880","101.55M","6.49%"
"10/12/2021","4,930","4,830","4,930","4,750","49.06M","2.07%"
"10/11/2021","4,830","4,760","4,850","4,730","39.25M","1.47%"
"10/08/2021","4,760","4,880","4,930","4,720","68.40M","-1.45%"
"10/07/2021","4,830","4,300","5,050","4,300","250.90M","13.11%"
"10/06/2021","4,270","4,200","4,300","4,160","53.67M","2.89%"
"10/05/2021","4,150","3,980","4,190","3,980","50.54M","4.27%"
"10/04/2021","3,980","3,880","4,020","3,870","42.28M","3.11%"
"10/01/2021","3,860","3,930","3,990","3,830","32.61M","-2.28%"
"09/30/2021","3,950","3,930","4,010","3,930","35.51M","0.77%"
"09/29/2021","3,920","3,800","3,920","3,800","21.76M","2.62%"
"09/28/2021","3,820","3,860","3,870","3,810","14.85M","-1.04%"
"09/27/2021","3,860","3,970","3,970","3,850","26.32M","-2.77%"
"09/24/2021","3,970","4,040","4,060","3,950","28.44M","-1.98%"
"09/23/2021","4,050","4,050","4,080","4,010","30.88M","0.25%"
"09/22/2021","4,040","3,840","4,060","3,840","53.99M","5.21%"
"09/21/2021","3,840","3,860","3,870","3,800","27.51M","-1.03%"
"09/20/2021","3,880","3,950","3,960","3,860","25.01M","-1.77%"
"09/17/2021","3,950","4,010","4,020","3,950","42.31M","-1.50%"
"09/16/2021","4,010","4,050","4,070","4,000","20.73M","-0.74%"
"09/15/2021","4,040","4,050","4,080","4,030","16.68M","-0.25%"
"09/14/2021","4,050","4,050","4,090","4,030","15.46M","0.25%"
"09/13/2021","4,040","4,080","4,100","4,030","16.43M","-0.98%"
"09/10/2021","4,080","4,130","4,150","4,080","14.31M","-0.49%"
"09/09/2021","4,100","4,100","4,150","4,070","22.15M","0.00%"
"09/08/2021","4,100","4,250","4,270","4,070","27.59M","-3.53%"
"09/07/2021","4,250","4,250","4,290","4,250","16.10M","0.00%"
"09/06/2021","4,250","4,240","4,300","4,210","18.43M","0.24%"
"09/03/2021","4,240","4,170","4,250","4,150","22.91M","2.17%"
"09/02/2021","4,150","4,110","4,150","4,100","12.17M","1.22%"
"09/01/2021","4,100","4,070","4,110","4,060","23.79M","1.23%"
"08/31/2021","4,050","4,110","4,150","4,050","38.98M","-1.94%"
"08/30/2021","4,130","4,040","4,130","4,030","21.89M","2.48%"
"08/27/2021","4,030","4,060","4,070","4,010","21.21M","-1.47%"
"08/26/2021","4,090","4,170","4,170","4,050","19.99M","-1.92%"
"08/25/2021","4,170","4,110","4,180","4,100","22.68M","2.21%"
"08/24/2021","4,080","4,060","4,100","4,040","18.41M","0.49%"
"08/23/2021","4,060","4,080","4,140","4,030","22.53M","-0.25%"
"08/20/2021","4,070","4,090","4,120","4,050","12.65M","-0.97%"
"08/19/2021","4,110","4,250","4,260","4,100","18.19M","-2.84%"
"08/18/2021","4,230","4,170","4,280","4,150","32.10M","1.93%"
"08/16/2021","4,150","4,240","4,250","4,130","17.67M","-2.35%"
"08/13/2021","4,250","4,230","4,260","4,210","10.08M","0.95%"
"08/12/2021","4,210","4,290","4,330","4,170","28.98M","-0.94%"
"08/10/2021","4,250","4,300","4,320","4,220","20.39M","-1.39%"
"08/09/2021","4,310","4,410","4,420","4,300","17.40M","-2.49%"
"08/06/2021","4,420","4,440","4,480","4,400","23.05M","-0.45%"
"08/05/2021","4,440","4,330","4,450","4,260","47.12M","2.54%"
"08/04/2021","4,330","4,400","4,420","4,300","25.52M","-1.14%"
"08/03/2021","4,380","4,400","4,470","4,370","25.15M","-0.45%"
"08/02/2021","4,400","4,220","4,400","4,210","47.02M","4.27%"
"07/30/2021","4,220","4,390","4,410","4,220","59.33M","-2.54%"
"07/29/2021","4,330","4,450","4,460","4,330","35.08M","-2.70%"
"07/28/2021","4,450","4,500","4,540","4,420","17.87M","-1.11%"
"07/27/2021","4,500","4,700","4,700","4,460","55.13M","-4.26%"
"07/26/2021","4,700","4,800","4,820","4,700","33.29M","-2.08%"
"07/23/2021","4,800","4,960","4,960","4,800","74.49M","-4.48%"
"07/22/2021","5,025","5,125","5,150","5,000","20.50M","-1.95%"
"07/21/2021","5,125","5,075","5,150","5,050","11.28M","0.99%"
"07/19/2021","5,075","5,100","5,125","5,025","7.02M","-1.46%"
"07/16/2021","5,150","5,150","5,200","5,050","9.18M","0.00%"
"07/15/2021","5,150","5,025","5,175","5,025","14.98M","0.98%"
"07/14/2021","5,100","5,100","5,125","4,910","23.39M","0.00%"
"07/13/2021","5,100","5,100","5,200","5,025","29.03M","1.49%"
"07/12/2021","5,025","4,900","5,075","4,900","27.42M","2.76%"
"07/09/2021","4,890","4,850","4,890","4,810","13.20M","0.62%"
"07/08/2021","4,860","4,950","4,960","4,860","14.98M","-1.42%"
"07/07/2021","4,930","4,960","4,980","4,900","19.45M","-1.40%"
"07/06/2021","5,000","4,960","5,025","4,930","11.31M","1.01%"
"07/05/2021","4,950","5,150","5,150","4,940","20.59M","-3.88%"
"07/02/2021","5,150","5,200","5,200","5,075","22.71M","-1.44%"
"07/01/2021","5,225","4,950","5,250","4,950","24.69M","5.56%"
"06/30/2021","4,950","5,000","5,000","4,950","13.31M","-1.00%"
"06/29/2021","5,000","5,100","5,150","4,960","17.47M","-0.50%"
"06/28/2021","5,025","5,025","5,100","4,900","15.76M","0.50%"
"06/25/2021","5,000","5,025","5,025","4,950","13.21M","0.81%"
"06/24/2021","4,960","4,990","5,050","4,960","5.11M","-0.60%"
"06/23/2021","4,990","5,050","5,100","4,990","9.27M","-1.19%"
"06/22/2021","5,050","5,100","5,125","5,000","17.87M","-0.98%"
"06/21/2021","5,100","4,800","5,150","4,710","34.39M","4.08%"
"06/18/2021","4,900","5,075","5,075","4,900","57.21M","-3.45%"
"06/17/2021","5,075","5,175","5,175","5,075","19.77M","-2.40%"
"06/16/2021","5,200","5,150","5,275","5,100","23.03M","0.48%"
"06/15/2021","5,175","5,225","5,250","5,125","26.71M","-1.43%"
"06/14/2021","5,250","5,350","5,375","5,250","11.52M","-1.87%"
"06/11/2021","5,350","5,300","5,350","5,225","23.44M","0.94%"
"06/10/2021","5,300","5,375","5,425","5,275","22.24M","0.00%"
"06/09/2021","5,300","5,475","5,500","5,250","41.62M","-3.20%"
"06/08/2021","5,475","5,575","5,575","5,450","18.89M","-2.67%"
"06/07/2021","5,625","5,650","5,700","5,625","18.10M","-0.44%"
"06/04/2021","5,650","5,775","5,775","5,650","15.90M","-2.16%"
"06/03/2021","5,775","5,800","5,800","5,675","21.20M","-1.28%"
"06/02/2021","5,850","6,000","6,000","5,725","31.11M","0.00%"
"05/31/2021","5,850","5,775","5,850","5,700","17.77M","1.30%"
"05/28/2021","5,775","5,850","5,850","5,625","26.28M","-0.86%"
"05/27/2021","5,825","5,725","5,850","5,675","53.31M","2.64%"
"05/25/2021","5,675","5,750","5,750","5,575","23.09M","-0.87%"
"05/24/2021","5,725","5,650","5,750","5,575","19.59M","2.69%"
"05/21/2021","5,575","5,650","5,675","5,550","12.76M","-0.89%"
"05/20/2021","5,625","5,450","5,625","5,450","20.44M","3.21%"
"05/19/2021","5,450","5,550","5,550","5,425","16.18M","-2.24%"
"05/18/2021","5,575","5,650","5,650","5,525","12.77M","-0.45%"
"05/17/2021","5,600","5,650","5,725","5,500","20.20M","-0.44%"
"05/11/2021","5,625","5,650","5,825","5,600","28.77M","-1.32%"
"05/10/2021","5,700","5,550","5,875","5,550","42.70M","3.17%"
"05/07/2021","5,525","5,550","5,625","5,500","32.72M","-0.45%"
"05/06/2021","5,550","5,750","5,775","5,550","41.45M","-3.90%"
"05/05/2021","5,775","5,750","5,900","5,725","23.48M","0.43%"
"05/04/2021","5,750","5,900","5,950","5,700","27.74M","-2.54%"
"05/03/2021","5,900","6,000","6,000","5,900","11.45M","-1.67%"
"04/30/2021","6,000","6,050","6,100","5,925","22.25M","-0.83%"
"04/29/2021","6,050","6,100","6,125","6,000","21.37M","-0.41%"
"04/28/2021","6,075","6,025","6,075","6,000","9.45M","0.83%"
"04/27/2021","6,025","6,200","6,200","6,025","10.56M","-1.63%"
"04/26/2021","6,125","6,075","6,200","6,075","8.63M","0.82%"
"04/23/2021","6,075","6,150","6,150","6,025","11.47M","-0.82%"
"04/22/2021","6,125","6,100","6,150","6,075","12.10M","0.41%"
"04/21/2021","6,100","6,150","6,200","6,100","14.08M","-2.01%"
"04/20/2021","6,225","6,300","6,300","6,150","13.70M","-1.19%"
"04/19/2021","6,300","6,350","6,375","6,225","7.03M","-0.40%"
"04/16/2021","6,325","6,400","6,450","6,250","7.48M","-1.17%"
"04/15/2021","6,400","6,300","6,400","6,225","8.91M","1.59%"
"04/14/2021","6,300","6,250","6,325","6,225","5.45M","1.20%"
"04/13/2021","6,225","6,350","6,350","6,150","12.98M","-1.58%"
"04/12/2021","6,325","6,500","6,550","6,300","15.82M","-2.32%"
"04/09/2021","6,475","6,600","6,625","6,475","9.48M","-1.89%"
"04/08/2021","6,600","6,525","6,800","6,525","10.88M","1.15%"
"04/07/2021","6,525","6,475","6,550","6,450","5.10M","0.77%"
"04/06/2021","6,475","6,500","6,525","6,450","5.01M","0.00%"
"04/05/2021","6,475","6,625","6,625","6,475","5.80M","-2.26%"
"04/01/2021","6,625","6,575","6,700","6,525","9.11M","0.76%"
"03/31/2021","6,575","6,600","6,600","6,450","14.36M","0.38%"
"03/30/2021","6,550","6,700","6,725","6,525","14.71M","-2.60%"
"03/29/2021","6,725","6,600","6,775","6,575","11.96M","1.89%"
"03/26/2021","6,600","6,650","6,700","6,600","5.55M","-0.75%"
"03/25/2021","6,650","6,600","6,650","6,500","10.70M","1.14%"
"03/24/2021","6,575","6,725","6,750","6,550","11.04M","-2.59%"
"03/23/2021","6,750","6,675","6,800","6,675","8.84M","0.75%"
"03/22/2021","6,700","6,750","6,775","6,675","6.04M","-0.74%"
"03/19/2021","6,750","6,600","6,750","6,525","24.00M","2.27%"
"03/18/2021","6,600","6,500","6,600","6,500","12.74M","1.93%"
"03/17/2021","6,475","6,550","6,600","6,475","10.23M","-1.15%"
"03/16/2021","6,550","6,575","6,650","6,525","12.11M","-0.38%"
"03/15/2021","6,575","6,700","6,725","6,575","12.55M","-1.87%"
"03/12/2021","6,700","6,575","6,700","6,575","6.98M","1.90%"
"03/10/2021","6,575","6,575","6,625","6,525","6.46M","0.38%"
"03/09/2021","6,550","6,700","6,700","6,475","18.69M","-1.50%"
"03/08/2021","6,650","6,800","6,800","6,625","10.14M","-1.12%"
"03/05/2021","6,725","6,700","6,750","6,675","6.03M","0.00%"
"03/04/2021","6,725","6,875","6,875","6,725","10.78M","-2.18%"
"03/03/2021","6,875","6,825","6,900","6,775","8.28M","0.73%"
"03/02/2021","6,825","6,825","6,850","6,725","17.35M","0.00%"
"03/01/2021","6,825","7,000","7,000","6,800","13.05M","-2.50%"
"02/26/2021","7,000","6,750","7,000","6,675","26.87M","3.32%"
"02/25/2021","6,775","6,850","6,900","6,750","14.02M","-1.09%"
"02/24/2021","6,850","6,850","6,950","6,850","10.34M","0.00%"
"02/23/2021","6,850","6,900","6,925","6,800","12.86M","-0.36%"
"02/22/2021","6,875","6,975","7,000","6,875","14.95M","-1.08%"
"02/19/2021","6,950","6,975","6,975","6,900","8.79M","-0.36%"
"02/18/2021","6,975","7,075","7,100","6,975","11.09M","-1.76%"
"02/17/2021","7,100","7,000","7,100","6,975","6.98M","1.07%"
"02/16/2021","7,025","7,100","7,100","7,000","11.53M","-0.35%"
"02/15/2021","7,050","7,175","7,175","7,025","8.25M","-1.74%"
"02/11/2021","7,175","7,175","7,175","7,100","3.70M","0.35%"
"02/10/2021","7,150","7,150","7,150","7,025","6.02M","0.70%"
"02/09/2021","7,100","7,150","7,175","7,025","10.39M","0.00%"
"02/08/2021","7,100","7,225","7,250","7,100","14.01M","-1.73%"
"02/05/2021","7,225","7,325","7,350","7,200","11.30M","-1.03%"
"02/04/2021","7,300","7,250","7,325","7,175","17.61M","1.74%"
"02/03/2021","7,175","7,100","7,325","7,000","16.73M","2.50%"
"02/02/2021","7,000","7,100","7,125","6,950","11.68M","-0.36%"
"02/01/2021","7,025","6,900","7,100","6,800","15.32M","1.44%"
"01/29/2021","6,925","7,075","7,225","6,900","36.43M","-2.12%"
"01/28/2021","7,075","7,100","7,175","6,925","20.72M","-0.70%"
"01/27/2021","7,125","7,325","7,350","7,050","14.63M","-1.72%"
"01/26/2021","7,250","7,275","7,475","7,175","17.95M","0.00%"
"01/25/2021","7,250","7,275","7,325","7,025","17.03M","-0.34%"
"01/22/2021","7,275","7,375","7,400","7,225","14.72M","-0.68%"
"01/21/2021","7,325","7,400","7,500","7,325","16.70M","-1.01%"
"01/20/2021","7,400","7,600","7,675","7,325","34.82M","-2.31%"
"01/19/2021","7,575","7,800","8,000","7,525","108.58M","1.00%"
"01/18/2021","7,500","6,950","7,525","6,900","44.94M","7.91%"
"01/15/2021","6,950","7,000","7,050","6,925","18.78M","-0.71%"
"01/14/2021","7,000","7,025","7,075","7,000","27.72M","-0.36%"
"01/13/2021","7,025","7,200","7,200","7,000","28.19M","-1.06%"
"01/12/2021","7,100","7,250","7,275","7,100","20.90M","-1.39%"
"01/11/2021","7,200","7,175","7,350","7,100","25.59M","0.35%"
"01/08/2021","7,175","7,250","7,275","7,125","24.67M","-0.35%"
"01/07/2021","7,200","7,200","7,250","7,125","14.69M","0.00%"
"01/06/2021","7,200","7,375","7,400","7,175","24.43M","-2.37%"
"01/05/2021","7,375","7,475","7,500","7,375","11.87M","-1.34%"
"01/04/2021","7,475","7,450","7,500","7,350","8.20M","1.70%"